<?xml version="1.0" encoding="utf-8"?>
<COLLADA xmlns="http://www.collada.org/2005/11/COLLADASchema" version="1.4.1" xmlns:xsi="http://www.w3.org/2001/XMLSchema-instance">
  <asset>
    <contributor>
      <author>Blender User</author>
      <authoring_tool>Blender 3.6.2 commit date:2023-08-16, commit time:16:43, hash:e53e55951e7a</authoring_tool>
    </contributor>
    <created>2025-04-01T14:56:58</created>
    <modified>2025-04-01T14:56:58</modified>
    <unit name="meter" meter="1"/>
    <up_axis>Z_UP</up_axis>
  </asset>
  <library_effects/>
  <library_images/>
  <library_geometries>
    <geometry id="Plane-mesh" name="Plane">
      <mesh>
        <source id="Plane-mesh-positions">
          <float_array id="Plane-mesh-positions-array" count="1848">1 -0.7333334 0.1158488 1 -0.8666667 0.1158488 -1 -0.8666667 0.1158488 -1 -0.7333334 0.1158488 -1 0.8666667 0 -1 0.7333334 0 -1 -0.4666666 0.1158488 -1 0.4666667 0 -1 0.3333334 0 -1 -0.3333333 0.1158488 -1 0.06666666 0 -1 -0.0666666 0 -1 -0.0666666 0.1158488 -1 -0.3333333 0 -1 -0.4666666 0 -1 0.06666666 0.1158488 -1 -0.7333334 0 -1 -0.8666667 0 1 -0.8666667 0 1 -0.7333334 0 -1 0.3333334 0.1158488 1 -0.4666667 0 1 -0.3333334 0 -1 0.4666667 0.1158488 1 -0.06666666 0 1 0.0666666 0 -1 0.7333334 0.1158488 1 0.3333333 0 1 0.4666666 0 -1 0.8666667 0.1158488 1 0.7333334 0 1 0.8666667 0 -0.7777778 -1 0 -0.5555556 -1 0 -0.3333333 -1 0 -0.1111111 -1 0 0.1111111 -1 0 0.3333333 -1 0 0.5555556 -1 0 0.7777778 -1 0 0.7777778 1 0 0.5555556 1 0 0.3333333 1 0 0.1111111 1 0 -0.1111111 1 0 -0.3333333 1 0 -0.5555556 1 0 -0.7777778 1 0 0.7777778 -0.8666667 0 0.5555556 -0.8666667 0 0.3333333 -0.8666667 0 0.1111111 -0.8666667 0 -0.1111111 -0.8666667 0 -0.3333333 -0.8666667 0 -0.5555556 -0.8666667 0 -0.7777778 -0.8666667 0 0.7777778 -0.7333334 0 0.5555556 -0.7333334 0 0.3333333 -0.7333334 0 0.1111111 -0.7333334 0 -0.1111111 -0.7333334 0 -0.3333333 -0.7333334 0 -0.5555556 -0.7333334 0 -0.7777778 -0.7333334 0 0.7777778 -0.6 0 0.5555556 -0.6 0 0.3333333 -0.6 0 0.1111111 -0.6 0 -0.1111111 -0.6 0 -0.3333333 -0.6 0 -0.5555556 -0.6 0 -0.7777778 -0.6 0 0.7777778 -0.4666667 0 0.5555556 -0.4666667 0 0.3333333 -0.4666667 0 0.1111111 -0.4666667 0 -0.1111111 -0.4666667 0 -0.3333333 -0.4666667 0 -0.5555556 -0.4666666 0 -0.7777778 -0.4666666 0 0.7777778 -0.3333334 0 0.5555556 -0.3333334 0 0.3333333 -0.3333334 0 0.1111111 -0.3333334 0 -0.1111111 -0.3333334 0 -0.3333333 -0.3333334 0 -0.5555556 -0.3333333 0 -0.7777778 -0.3333333 0 0.7777778 -0.2 0 0.5555556 -0.2 0 0.3333333 -0.2 0 0.1111111 -0.2 0 -0.1111111 -0.2 0 -0.3333333 -0.2 0 -0.5555556 -0.2 0 -0.7777778 -0.1999999 0 0.7777778 -0.06666666 0 0.5555556 -0.06666666 0 0.3333333 -0.06666666 0 0.1111111 -0.06666666 0 -0.1111111 -0.06666666 0 -0.3333333 -0.06666666 0 -0.5555556 -0.06666666 0 -0.7777778 -0.0666666 0 0.7777778 0.06666666 0 0.5555556 0.06666666 0 0.3333333 0.06666666 0 0.1111111 0.06666666 0 -0.1111111 0.06666666 0 -0.3333333 0.06666666 0 -0.5555556 0.06666666 0 -0.7777778 0.06666666 0 0.7777778 0.1999999 0 0.5555556 0.1999999 0 0.3333333 0.1999999 0 0.1111111 0.1999999 0 -0.1111111 0.2 0 -0.3333333 0.2 0 -0.5555556 0.2 0 -0.7777778 0.2 0 0.7777778 0.3333333 0 0.5555556 0.3333333 0 0.3333333 0.3333333 0 0.1111111 0.3333333 0 -0.1111111 0.3333333 0 -0.3333333 0.3333333 0 -0.5555556 0.3333333 0 -0.7777778 0.3333334 0 0.7777778 0.4666666 0 0.5555556 0.4666666 0 0.3333333 0.4666666 0 0.1111111 0.4666666 0 -0.1111111 0.4666666 0 -0.3333333 0.4666666 0 -0.5555556 0.4666666 0 -0.7777778 0.4666667 0 0.7777778 0.6 0 0.5555556 0.6 0 0.3333333 0.6 0 0.1111111 0.6 0 -0.1111111 0.6 0 -0.3333333 0.6 0 -0.5555556 0.6 0 -0.7777778 0.6 0 0.7777778 0.7333334 0 0.5555556 0.7333334 0 0.3333333 0.7333334 0 0.1111111 0.7333334 0 -0.1111111 0.7333334 0 -0.3333333 0.7333334 0 -0.5555556 0.7333334 0 -0.7777778 0.7333334 0 0.7777778 0.8666667 0 0.5555556 0.8666667 0 0.3333333 0.8666667 0 0.1111111 0.8666667 0 -0.1111111 0.8666667 0 -0.3333333 0.8666667 0 -0.5555556 0.8666667 0 -0.7777778 0.8666667 0 1 -0.4666667 0.1158488 1 -0.3333334 0.1158488 1 -0.06666666 0.1158488 1 0.0666666 0.1158488 1 0.3333333 0.1158488 1 0.4666666 0.1158488 1 0.7333334 0.1158488 1 0.8666667 0.1158488 -0.7777778 -0.8666667 0.1158488 -0.7777778 -0.7333334 0.1158488 -0.7777778 -0.4666666 0.1158488 -0.7777778 -0.3333333 0.1158488 -0.7777778 -0.0666666 0.1158488 -0.7777778 0.06666666 0.1158488 -0.7777778 0.3333334 0.1158488 -0.7777778 0.4666667 0.1158488 -0.7777778 0.7333334 0.1158488 -0.7777778 0.8666667 0.1158488 -0.7777778 -1 0.1158488 -0.5555556 -1 0.1158488 -0.3333333 -1 0.1158488 -0.1111111 -1 0.1158488 0.1111111 -1 0.1158488 0.3333333 -1 0.1158488 0.5555556 -1 0.1158488 0.7777778 -1 0.1158488 0.7777778 1 0.1158488 0.5555556 1 0.1158488 0.3333333 1 0.1158488 0.1111111 1 0.1158488 -0.1111111 1 0.1158488 -0.3333333 1 0.1158488 -0.5555556 1 0.1158488 -0.7777778 1 0.1158488 0.7777778 -0.8666667 0.1158488 0.5555556 -0.8666667 0.1158488 0.3333333 -0.8666667 0.1158488 0.1111111 -0.8666667 0.1158488 -0.1111111 -0.8666667 0.1158488 -0.3333333 -0.8666667 0.1158488 -0.5555556 -0.8666667 0.1158488 0.7777778 -0.7333334 0.1158488 0.5555556 -0.7333334 0.1158488 0.3333333 -0.7333334 0.1158488 0.1111111 -0.7333334 0.1158488 -0.1111111 -0.7333334 0.1158488 -0.3333333 -0.7333334 0.1158488 -0.5555556 -0.7333334 0.1158488 0.7777778 -0.6 0.1158488 0.5555556 -0.6 0.1158488 0.3333333 -0.6 0.1158488 0.1111111 -0.6 0.1158488 -0.1111111 -0.6 0.1158488 -0.3333333 -0.6 0.1158488 -0.5555556 -0.6 0.1158488 -0.7777778 -0.6 0.1158488 0.7777778 -0.4666667 0.1158488 0.5555556 -0.4666667 0.1158488 0.3333333 -0.4666667 0.1158488 0.1111111 -0.4666667 0.1158488 -0.1111111 -0.4666667 0.1158488 -0.3333333 -0.4666667 0.1158488 -0.5555556 -0.4666666 0.1158488 0.7777778 -0.3333334 0.1158488 0.5555556 -0.3333334 0.1158488 0.3333333 -0.3333334 0.1158488 0.1111111 -0.3333334 0.1158488 -0.1111111 -0.3333334 0.1158488 -0.3333333 -0.3333334 0.1158488 -0.5555556 -0.3333333 0.1158488 0.7777778 -0.2 0.1158488 0.5555556 -0.2 0.1158488 0.3333333 -0.2 0.1158488 0.1111111 -0.2 0.1158488 -0.1111111 -0.2 0.1158488 -0.3333333 -0.2 0.1158488 -0.5555556 -0.2 0.1158488 -0.7777778 -0.1999999 0.1158488 0.7777778 -0.06666666 0.1158488 0.5555556 -0.06666666 0.1158488 0.3333333 -0.06666666 0.1158488 0.1111111 -0.06666666 0.1158488 -0.1111111 -0.06666666 0.1158488 -0.3333333 -0.06666666 0.1158488 -0.5555556 -0.06666666 0.1158488 0.7777778 0.06666666 0.1158488 0.5555556 0.06666666 0.1158488 0.3333333 0.06666666 0.1158488 0.1111111 0.06666666 0.1158488 -0.1111111 0.06666666 0.1158488 -0.3333333 0.06666666 0.1158488 -0.5555556 0.06666666 0.1158488 0.7777778 0.1999999 0.1158488 0.5555556 0.1999999 0.1158488 0.3333333 0.1999999 0.1158488 0.1111111 0.1999999 0.1158488 -0.1111111 0.2 0.1158488 -0.3333333 0.2 0.1158488 -0.5555556 0.2 0.1158488 -0.7777778 0.2 0.1158488 0.7777778 0.3333333 0.1158488 0.5555556 0.3333333 0.1158488 0.3333333 0.3333333 0.1158488 0.1111111 0.3333333 0.1158488 -0.1111111 0.3333333 0.1158488 -0.3333333 0.3333333 0.1158488 -0.5555556 0.3333333 0.1158488 0.7777778 0.4666666 0.1158488 0.5555556 0.4666666 0.1158488 0.3333333 0.4666666 0.1158488 0.1111111 0.4666666 0.1158488 -0.1111111 0.4666666 0.1158488 -0.3333333 0.4666666 0.1158488 -0.5555556 0.4666666 0.1158488 0.7777778 0.6 0.1158488 0.5555556 0.6 0.1158488 0.3333333 0.6 0.1158488 0.1111111 0.6 0.1158488 -0.1111111 0.6 0.1158488 -0.3333333 0.6 0.1158488 -0.5555556 0.6 0.1158488 -0.7777778 0.6 0.1158488 0.7777778 0.7333334 0.1158488 0.5555556 0.7333334 0.1158488 0.3333333 0.7333334 0.1158488 0.1111111 0.7333334 0.1158488 -0.1111111 0.7333334 0.1158488 -0.3333333 0.7333334 0.1158488 -0.5555556 0.7333334 0.1158488 0.7777778 0.8666667 0.1158488 0.5555556 0.8666667 0.1158488 0.3333333 0.8666667 0.1158488 0.1111111 0.8666667 0.1158488 -0.1111111 0.8666667 0.1158488 -0.3333333 0.8666667 0.1158488 -0.5555556 0.8666667 0.1158488 -0.5555556 1.018766 0.1158488 -0.7777778 1.018766 0.1158488 -0.1111111 1.018766 0.1158488 -0.3333333 1.018766 0.1158488 0.3333333 1.018766 0.1158488 0.1111111 1.018766 0.1158488 0.7777778 1.018766 0.1158488 0.5555556 1.018766 0.1158488 0.7777778 1.018766 0 0.5555556 1.018766 0 0.3333333 1.018766 0 0.1111111 1.018766 0 -0.1111111 1.018766 0 -0.3333333 1.018766 0 -0.5555556 1.018766 0 -0.7777778 1.018766 0 -0.5555556 1.042224 0.1158488 -0.7777778 1.042224 0.1158488 -0.1111111 1.042224 0.1158488 -0.3333333 1.042224 0.1158488 0.3333333 1.042224 0.1158488 0.1111111 1.042224 0.1158488 0.7777778 1.042224 0.1158488 0.5555556 1.042224 0.1158488 0.7777778 1.042224 0 0.5555556 1.042224 0 0.3333333 1.042224 0 0.1111111 1.042224 0 -0.1111111 1.042224 0 -0.3333333 1.042224 0 -0.5555556 1.042224 0 -0.7777778 1.042224 0 0.7777778 1.018766 -1.443621 0.5555556 1.018766 -1.443621 0.3333333 1.018766 -1.443621 0.1111111 1.018766 -1.443621 -0.1111111 1.018766 -1.443621 -0.3333333 1.018766 -1.443621 -0.5555556 1.018766 -1.443621 -0.7777778 1.018766 -1.443621 0.7777778 1.042224 -1.443621 0.5555556 1.042224 -1.443621 0.3333333 1.042224 -1.443621 0.1111111 1.042224 -1.443621 -0.1111111 1.042224 -1.443621 -0.3333333 1.042224 -1.443621 -0.5555556 1.042224 -1.443621 -0.7777778 1.042224 -1.443621 0.5555556 -1 0.1158488 0.7777778 -1 0.1158488 -0.7777778 -1 0 -0.5555556 -1 0 0.1111111 -1 0.1158488 0.3333333 -1 0.1158488 -0.3333333 -1 0 -0.1111111 -1 0 -0.3333333 -1 0.1158488 -0.1111111 -1 0.1158488 0.1111111 -1 0 0.3333333 -1 0 -0.7777778 -1 0.1158488 -0.5555556 -1 0.1158488 0.5555556 -1 0 0.7777778 -1 0 0.7777778 1.018766 -1.443621 0.5555556 1.018766 -1.443621 0.3333333 1.018766 -1.443621 0.1111111 1.018766 -1.443621 -0.1111111 1.018766 -1.443621 -0.3333333 1.018766 -1.443621 -0.5555556 1.018766 -1.443621 -0.7777778 1.018766 -1.443621 0.7777778 1.042224 -1.443621 0.5555556 1.042224 -1.443621 0.3333333 1.042224 -1.443621 0.1111111 1.042224 -1.443621 -0.1111111 1.042224 -1.443621 -0.3333333 1.042224 -1.443621 -0.5555556 1.042224 -1.443621 -0.7777778 1.042224 -1.443621 0.5555556 -1.02172 0.1158488 0.7777778 -1.02172 0.1158488 -0.7777778 -1.02172 0 -0.5555556 -1.02172 0 0.1111111 -1.02172 0.1158488 0.3333333 -1.02172 0.1158488 -0.3333333 -1.02172 0 -0.1111111 -1.02172 0 -0.3333333 -1.02172 0.1158488 -0.1111111 -1.02172 0.1158488 0.1111111 -1.02172 0 0.3333333 -1.02172 0 -0.7777778 -1.02172 0.1158488 -0.5555556 -1.02172 0.1158488 0.5555556 -1.02172 0 0.7777778 -1.02172 0 0.7777778 0.9970461 -1.443621 0.5555556 0.9970461 -1.443621 0.3333333 0.9970461 -1.443621 0.1111111 0.9970461 -1.443621 -0.1111111 0.9970461 -1.443621 -0.3333333 0.9970461 -1.443621 -0.5555556 0.9970461 -1.443621 -0.7777778 0.9970461 -1.443621 0.7777778 1.020504 -1.443621 0.5555556 1.020504 -1.443621 0.3333333 1.020504 -1.443621 0.1111111 1.020504 -1.443621 -0.1111111 1.020504 -1.443621 -0.3333333 1.020504 -1.443621 -0.5555556 1.020504 -1.443621 -0.7777778 1.020504 -1.443621 0.5555556 -1.046155 0.1158488 0.7777778 -1.046155 0.1158488 -0.7777778 -1.046155 0 -0.5555556 -1.046155 0 0.1111111 -1.046155 0.1158488 0.3333333 -1.046155 0.1158488 -0.3333333 -1.046155 0 -0.1111111 -1.046155 0 -0.3333333 -1.046155 0.1158488 -0.1111111 -1.046155 0.1158488 0.1111111 -1.046155 0 0.3333333 -1.046155 0 -0.7777778 -1.046155 0.1158488 -0.5555556 -1.046155 0.1158488 0.5555556 -1.046155 0 0.7777778 -1.046155 0 0.7777778 0.9726108 -1.443621 0.5555556 0.9726108 -1.443621 0.3333333 0.9726108 -1.443621 0.1111111 0.9726108 -1.443621 -0.1111111 0.9726108 -1.443621 -0.3333333 0.9726108 -1.443621 -0.5555556 0.9726108 -1.443621 -0.7777778 0.9726108 -1.443621 0.7777778 0.9960687 -1.443621 0.5555556 0.9960687 -1.443621 0.3333333 0.9960687 -1.443621 0.1111111 0.9960687 -1.443621 -0.1111111 0.9960687 -1.443621 -0.3333333 0.9960687 -1.443621 -0.5555556 0.9960687 -1.443621 -0.7777778 0.9960687 -1.443621 -0.7777778 -1.02172 -1.437111 -0.5555556 -1.02172 -1.437111 -0.3333333 -1.02172 -1.437111 -0.1111111 -1.02172 -1.437111 0.1111111 -1.02172 -1.437111 0.3333333 -1.02172 -1.437111 0.5555556 -1.02172 -1.437111 0.7777778 -1.02172 -1.437111 -0.7777778 -1.046155 -1.437111 -0.5555556 -1.046155 -1.437111 -0.3333333 -1.046155 -1.437111 -0.1111111 -1.046155 -1.437111 0.1111111 -1.046155 -1.437111 0.3333333 -1.046155 -1.437111 0.5555556 -1.046155 -1.437111 0.7777778 -1.046155 -1.437111 -1 0.8666667 0 -1 0.7333334 0 -1 0.4666667 0 -1 0.3333334 0 -1 0.06666666 0 -1 -0.0666666 0 -1 -0.3333333 0 -1 -0.4666666 0 -0.7777778 -0.7333334 0.1158488 -1 -0.7333334 0.1158488 -0.7777778 -0.8666667 0.1158488 -1 -0.8666667 0.1158488 -1 -0.3333333 0.1158488 -1 -0.4666666 0.1158488 -1 0.06666666 0.1158488 -1 -0.0666666 0.1158488 -1 0.8666667 0.1158488 -1 0.7333334 0.1158488 -1 0.4666667 0.1158488 -1 0.3333334 0.1158488 -1.044842 -0.7333334 0 -1.044842 -0.8666667 0 -1.044842 -0.7333334 0.1158488 -1.044842 -0.8666667 0.1158488 -1.044842 0.8666667 0 -1.044842 0.7333334 0 -1.044842 0.4666667 0 -1.044842 0.3333334 0 -1.044842 0.06666666 0 -1.044842 -0.0666666 0 -1.044842 -0.3333333 0 -1.044842 -0.4666666 0 -1.044842 -0.3333333 0.1158488 -1.044842 -0.4666666 0.1158488 -1.044842 0.06666666 0.1158488 -1.044842 -0.0666666 0.1158488 -1.044842 0.8666667 0.1158488 -1.044842 0.7333334 0.1158488 -1.044842 0.4666667 0.1158488 -1.044842 0.3333334 0.1158488 -1.080244 -0.7333334 0 -1.080244 -0.8666667 0 -1.080244 -0.7333334 0.1158488 -1.080244 -0.8666667 0.1158488 -1.080244 0.8666667 0 -1.080244 0.7333334 0 -1.080244 0.4666667 0 -1.080244 0.3333334 0 -1.080244 0.06666666 0 -1.080244 -0.0666666 0 -1.080244 -0.3333333 0 -1.080244 -0.4666666 0 -1.080244 -0.3333333 0.1158488 -1.080244 -0.4666666 0.1158488 -1.080244 0.06666666 0.1158488 -1.080244 -0.0666666 0.1158488 -1.080244 0.8666667 0.1158488 -1.080244 0.7333334 0.1158488 -1.080244 0.4666667 0.1158488 -1.080244 0.3333334 0.1158488 -1.044842 -0.7333334 -1.416693 -1.044842 -0.8666667 -1.416693 -1.044842 0.8666667 -1.416693 -1.044842 0.7333334 -1.416693 -1.044842 0.4666667 -1.416693 -1.044842 0.3333334 -1.416693 -1.044842 0.06666666 -1.416693 -1.044842 -0.0666666 -1.416693 -1.044842 -0.3333333 -1.416693 -1.044842 -0.4666666 -1.416693 -1.080244 -0.7333334 -1.416693 -1.080244 -0.8666667 -1.416693 -1.080244 0.8666667 -1.416693 -1.080244 0.7333334 -1.416693 -1.080244 0.4666667 -1.416693 -1.080244 0.3333334 -1.416693 -1.080244 0.06666666 -1.416693 -1.080244 -0.0666666 -1.416693 -1.080244 -0.3333333 -1.416693 -1.080244 -0.4666666 -1.416693 1.051006 -0.8666667 0 1.051006 -0.7333334 0 1.051006 -0.4666667 0 1.051006 -0.3333334 0 1.051006 -0.06666666 0 1.051006 0.0666666 0 1.051006 0.3333333 0 1.051006 0.4666666 0 1.051006 0.7333334 0 1.051006 0.8666667 0 1.051006 0.7333334 0.1158488 1.051006 0.8666667 0.1158488 1.051006 0.3333333 0.1158488 1.051006 0.4666666 0.1158488 1.051006 -0.06666666 0.1158488 1.051006 0.0666666 0.1158488 1.051006 -0.4666667 0.1158488 1.051006 -0.3333334 0.1158488 1.051006 -0.8666667 0.1158488 1.051006 -0.7333334 0.1158488 1.094165 -0.8666667 0 1.094165 -0.7333334 0 1.094165 -0.4666667 0 1.094165 -0.3333334 0 1.094165 -0.06666666 0 1.094165 0.0666666 0 1.094165 0.3333333 0 1.094165 0.4666666 0 1.094165 0.7333334 0 1.094165 0.8666667 0 1.094165 0.7333334 0.1158488 1.094165 0.8666667 0.1158488 1.094165 0.3333333 0.1158488 1.094165 0.4666666 0.1158488 1.094165 -0.06666666 0.1158488 1.094165 0.0666666 0.1158488 1.094165 -0.4666667 0.1158488 1.094165 -0.3333334 0.1158488 1.094165 -0.8666667 0.1158488 1.094165 -0.7333334 0.1158488 1.051006 -0.8666667 0 1.051006 -0.7333334 0 1.051006 -0.4666667 0 1.051006 -0.3333334 0 1.051006 -0.06666666 0 1.051006 0.0666666 0 1.051006 0.3333333 0 1.051006 0.4666666 0 1.051006 0.7333334 0 1.051006 0.8666667 0 1.094165 -0.8666667 0 1.094165 -0.7333334 0 1.094165 -0.4666667 0 1.094165 -0.3333334 0 1.094165 -0.06666666 0 1.094165 0.0666666 0 1.094165 0.3333333 0 1.094165 0.4666666 0 1.094165 0.7333334 0 1.094165 0.8666667 0 1.051006 -0.8666667 -1.432066 1.051006 -0.7333334 -1.432066 1.051006 -0.4666667 -1.432066 1.051006 -0.3333334 -1.432066 1.051006 -0.06666666 -1.432066 1.051006 0.0666666 -1.432066 1.051006 0.3333333 -1.432066 1.051006 0.4666666 -1.432066 1.051006 0.7333334 -1.432066 1.051006 0.8666667 -1.432066 1.094165 -0.8666667 -1.432066 1.094165 -0.7333334 -1.432066 1.094165 -0.4666667 -1.432066 1.094165 -0.3333334 -1.432066 1.094165 -0.06666666 -1.432066 1.094165 0.0666666 -1.432066 1.094165 0.3333333 -1.432066 1.094165 0.4666666 -1.432066 1.094165 0.7333334 -1.432066 1.094165 0.8666667 -1.432066</float_array>
          <technique_common>
            <accessor source="#Plane-mesh-positions-array" count="616" stride="3">
              <param name="X" type="float"/>
              <param name="Y" type="float"/>
              <param name="Z" type="float"/>
            </accessor>
          </technique_common>
        </source>
        <source id="Plane-mesh-normals">
          <float_array id="Plane-mesh-normals-array" count="147">0 0 1 0 0 1 0 0 -1 0 0 1 0 0 1 0 0 1 0 0 1 0 0 1 0 0 1 0 0 1 0 0 1 0 0 1 0 0 1 0 1 0 0 -1 0 1.3411e-7 1 0 -1 0 0 1 0 0 0 -1 0 0 -1 0 0 -1 0 0 1 0 -2.3337e-7 0 -1 0 1 0 1 2.41174e-7 0 -1 -2.41174e-7 0 0 0 -1 -1.3411e-7 -1 0 -2.3337e-7 0 -1 3.94611e-7 0 1 3.94611e-7 0 1 0 0 1 0 0 1 -1.25729e-7 0 1 0 0 1 0 0 1 0 0 1 0 0 1 0 0 1 0 0 1 0 0 1 0 0 1 0 0 1 1.3411e-7 1 0 0 1 0 -2.3337e-7 0 -1 -1.3411e-7 -1 0 3.11535e-7 0 1 -2.3337e-7 0 -1</float_array>
          <technique_common>
            <accessor source="#Plane-mesh-normals-array" count="49" stride="3">
              <param name="X" type="float"/>
              <param name="Y" type="float"/>
              <param name="Z" type="float"/>
            </accessor>
          </technique_common>
        </source>
        <source id="Plane-mesh-map-0">
          <float_array id="Plane-mesh-map-0-array" count="7656">0.1111111 0.3333333 0.2222222 0.4 0.1111111 0.4 0.8888889 0.4 0.7777778 0.4666668 0.7777778 0.4 0.8888889 0.1333333 1 0.06666666 0.8888889 0.06666666 0.6666668 0.4 0.5555556 0.4666667 0.5555556 0.4 0.4444445 0.4 0.3333334 0.4666667 0.3333334 0.4 0.8888889 0.3333333 1 0.2666667 0.8888889 0.2666667 0.1111111 0.4 0.2222222 0.4666666 0.1111111 0.4666667 0.7777778 0.4666668 0.888889 0.5333333 0.7777778 0.5333333 0.888889 0.4666667 1 0.5333333 1 0.4666666 0.6666666 0.4666666 0.7777778 0.5333333 0.6666666 0.5333333 0.5555556 0.4666667 0.6666666 0.5333333 0.5555556 0.5333333 0.8888889 0.7333334 1 0.6666666 0.8888889 0.6666666 0.5555556 0.4666667 0.4444445 0.5333333 0.4444445 0.4666667 0.4444445 0.4666667 0.3333334 0.5333333 0.3333334 0.4666667 0.8888889 0.9333333 1 0.8666666 0.8888889 0.8666666 0 0.9333333 0.1111111 0.8666667 0 0.8666667 0.1111111 0.9333333 0.2222222 0.8666667 0.1111111 0.8666667 0.2222222 0.9333333 0.3333334 0.8666667 0.2222222 0.8666667 0.3333334 0.9333333 0.4444445 0.8666667 0.3333334 0.8666667 0.4444445 0.9333333 0.5555556 0.8666666 0.4444445 0.8666667 0.5555556 0.9333333 0.6666667 0.8666666 0.5555556 0.8666666 0.6666667 0.9333333 0.7777778 0.8666666 0.6666667 0.8666666 0.7777778 0.9333333 0.8888889 0.8666666 0.7777778 0.8666666 0.2222222 0.4666666 0.3333334 0.5333333 0.2222222 0.5333333 0.1111111 0.7999999 0.2222222 0.8666667 0.2222222 0.8 0.1111111 0.4666667 0.2222222 0.5333333 0.1111111 0.5333333 0.3333334 0.8666667 0.4444445 0.8 0.3333334 0.8 1 0.2666667 0.8888889 0.3333333 0.8888889 0.2666667 0.5555556 0.8666666 0.6666667 0.8 0.5555556 0.8 0.1111111 0.4666667 0 0.5333334 0 0.4666667 0.7777778 0.8666666 0.8888889 0.8 0.7777778 0.8 0.888889 0.5333333 0.7777778 0.6 0.7777778 0.5333333 0.1111111 0.7333334 0.2222222 0.8 0.2222222 0.7333334 0.5555556 0.5333333 0.6666667 0.6 0.5555556 0.6 0.3333334 0.8 0.4444445 0.7333334 0.3333334 0.7333334 1 0.06666666 0.8888889 0.1333333 0.8888889 0.06666666 0.5555556 0.8 0.6666667 0.7333334 0.5555556 0.7333334 0.4444445 0.5333333 0.3333334 0.6 0.3333334 0.5333333 0.7777778 0.8 0.8888889 0.7333334 0.7777778 0.7333334 0 0.7333334 0.1111111 0.6666666 0 0.6666667 0.1111111 0.6666666 0.2222222 0.7333334 0.2222222 0.6666666 0.2222222 0.6666666 0.3333334 0.7333334 0.3333334 0.6666666 0.3333334 0.7333334 0.4444445 0.6666666 0.3333334 0.6666666 0.4444445 0.7333334 0.5555556 0.6666666 0.4444445 0.6666666 0.5555556 0.7333334 0.6666667 0.6666666 0.5555556 0.6666666 0.6666667 0.7333334 0.7777778 0.6666666 0.6666667 0.6666666 0.7777778 0.7333334 0.8888889 0.6666666 0.7777778 0.6666666 0.2222222 0.5333333 0.1111111 0.6 0.1111111 0.5333333 0.1111111 0.6 0.2222222 0.6666666 0.2222222 0.6 0.8888889 0.6 0.7777778 0.6666666 0.7777778 0.6 0.3333334 0.6 0.4444445 0.6666666 0.4444445 0.6 0.6666667 0.6 0.5555556 0.6666666 0.5555556 0.6 0.5555556 0.6666666 0.6666667 0.6 0.5555556 0.6 0.3333334 0.6 0.4444445 0.6666666 0.3333334 0.6666666 0.7777778 0.6666666 0.8888889 0.6 0.7777778 0.6 0.1111111 0.6 0.2222222 0.6666666 0.1111111 0.6666666 0.1111111 0.6 0.2222222 0.5333333 0.1111111 0.5333333 0.8888889 0.6666666 0.7777778 0.7333334 0.7777778 0.6666666 0.3333334 0.6 0.4444445 0.5333333 0.3333334 0.5333333 0.7777778 0.6666666 0.6666667 0.7333334 0.6666667 0.6666666 0.5555556 0.5333333 0.6666667 0.6 0.6666666 0.5333333 0.6666667 0.6666666 0.5555556 0.7333334 0.5555556 0.6666666 0.7777778 0.6 0.888889 0.5333333 0.7777778 0.5333333 0 0.5333334 0.1111111 0.4666667 0 0.4666667 0.1111111 0.4666667 0.2222222 0.5333333 0.2222222 0.4666666 0.2222222 0.4666666 0.3333334 0.5333333 0.3333334 0.4666667 0.3333334 0.5333333 0.4444445 0.4666667 0.3333334 0.4666667 0.4444445 0.5333333 0.5555556 0.4666667 0.4444445 0.4666667 0.5555556 0.4666667 0.6666666 0.5333333 0.6666666 0.4666666 0.6666666 0.4666666 0.7777778 0.5333333 0.7777778 0.4666668 0.7777778 0.4666668 0.888889 0.5333333 0.888889 0.4666667 0.5555556 0.6666666 0.4444445 0.7333334 0.4444445 0.6666666 0.1111111 0.4 0.2222222 0.4666666 0.2222222 0.4 0.4444445 0.6666666 0.3333334 0.7333334 0.3333334 0.6666666 0.3333334 0.4666667 0.4444445 0.4 0.3333334 0.4 0.2222222 0.6666666 0.3333334 0.7333334 0.2222222 0.7333334 0.5555556 0.4666667 0.6666668 0.4 0.5555556 0.4 0.1111111 0.6666666 0.2222222 0.7333334 0.1111111 0.7333334 0.7777778 0.4666668 0.8888889 0.4 0.7777778 0.4 0.1111111 0.6666666 0 0.7333334 0 0.6666667 0.1111111 0.3333333 0.2222222 0.4 0.2222222 0.3333333 0.8888889 0.7333334 0.7777778 0.8 0.7777778 0.7333334 0.3333334 0.4 0.4444445 0.3333333 0.3333334 0.3333334 0.6666667 0.7333334 0.5555556 0.8 0.5555556 0.7333334 0.5555556 0.3333333 0.6666668 0.4 0.6666667 0.3333333 0.4444445 0.7333334 0.3333334 0.8 0.3333334 0.7333334 0.7777778 0.4 0.8888889 0.3333333 0.7777778 0.3333333 0 0.3333333 0.1111111 0.2666667 0 0.2666667 0.1111111 0.2666667 0.2222222 0.3333333 0.2222222 0.2666667 0.2222222 0.2666667 0.3333334 0.3333334 0.3333334 0.2666667 0.3333334 0.3333334 0.4444445 0.2666667 0.3333334 0.2666667 0.4444445 0.3333333 0.5555556 0.2666667 0.4444445 0.2666667 0.5555556 0.3333333 0.6666667 0.2666667 0.5555556 0.2666667 0.6666667 0.3333333 0.7777778 0.2666667 0.6666667 0.2666667 0.7777778 0.3333333 0.8888889 0.2666667 0.7777778 0.2666667 0.1111111 0.7333334 0.2222222 0.8 0.1111111 0.7999999 0.1111111 0.2 0.2222222 0.2666667 0.2222222 0.2 0.8888889 0.8 0.7777778 0.8666666 0.7777778 0.8 0.3333334 0.2666667 0.4444445 0.2 0.3333334 0.2 0.6666667 0.8 0.5555556 0.8666666 0.5555556 0.8 0.5555556 0.2666667 0.6666667 0.2 0.5555556 0.2 0.4444445 0.8 0.3333334 0.8666667 0.3333334 0.8 0.7777778 0.2666667 0.8888889 0.2 0.7777778 0.2 0.1111111 0.7999999 0.2222222 0.8666667 0.1111111 0.8666667 0.1111111 0.2 0.2222222 0.1333333 0.1111111 0.1333333 0.8888889 0.8666666 0.7777778 0.9333333 0.7777778 0.8666666 0.3333334 0.2 0.4444445 0.1333333 0.3333334 0.1333333 0.7777778 0.8666666 0.6666667 0.9333333 0.6666667 0.8666666 0.5555556 0.2 0.6666667 0.1333333 0.5555556 0.1333333 0.6666667 0.8666666 0.5555556 0.9333333 0.5555556 0.8666666 0.7777778 0.2 0.8888889 0.1333333 0.7777778 0.1333333 0 0.1333333 0.1111111 0.06666666 0 0.06666666 0.1111111 0.1333333 0.2222222 0.06666666 0.1111111 0.06666666 0.2222222 0.1333333 0.3333334 0.06666666 0.2222222 0.06666666 0.3333334 0.1333333 0.4444445 0.06666666 0.3333334 0.06666666 0.4444445 0.1333333 0.5555556 0.06666666 0.4444445 0.06666666 0.5555556 0.1333333 0.6666667 0.06666666 0.5555556 0.06666666 0.6666667 0.1333333 0.7777778 0.06666666 0.6666667 0.06666666 0.7777778 0.1333333 0.8888889 0.06666666 0.7777778 0.06666666 0.5555556 0.8666666 0.4444445 0.9333333 0.4444445 0.8666667 0.1111111 0.06666666 0.2222222 0 0.1111111 0 0.4444445 0.8666667 0.3333334 0.9333333 0.3333334 0.8666667 0.3333333 0 0.4444445 0.06666666 0.4444445 0 0.3333334 0.8666667 0.2222222 0.9333333 0.2222222 0.8666667 0.5555556 0 0.6666667 0.06666666 0.6666667 0 0.2222222 0.8666667 0.1111111 0.9333333 0.1111111 0.8666667 0.7777778 0.06666666 0.8888889 0 0.7777778 0 0.1111111 0.8666667 0 0.9333333 0 0.8666667 0.1111111 1 0.2222222 0.9333333 0.1111111 0.9333333 1 0.8666666 0.8888889 0.9333333 0.8888889 0.8666666 0.3333334 1 0.4444445 0.9333333 0.3333334 0.9333333 1 0.6666666 0.8888889 0.7333334 0.8888889 0.6666666 0.5555556 1 0.6666667 0.9333333 0.5555556 0.9333333 0.888889 0.4666667 1 0.5333333 0.888889 0.5333333 0.7777778 1 0.8888889 0.9333333 0.7777778 0.9333333 0.4444445 0.3333333 0.3333334 0.4 0.3333334 0.3333334 0.5555556 0.3333333 0.6666668 0.4 0.5555556 0.4 0.8888889 0.3333333 0.7777778 0.4 0.7777778 0.3333333 0.1111111 0.2666667 0 0.3333333 0 0.2666667 0.1111111 0.2666667 0.2222222 0.3333333 0.1111111 0.3333333 0.2222222 0.2666667 0.3333334 0.3333334 0.2222222 0.3333333 0.4444445 0.2666667 0.3333334 0.3333334 0.3333334 0.2666667 0.5555556 0.2666667 0.4444445 0.3333333 0.4444445 0.2666667 0.6666667 0.2666667 0.5555556 0.3333333 0.5555556 0.2666667 0.7777778 0.2666667 0.6666667 0.3333333 0.6666667 0.2666667 0.8888889 0.2666667 0.7777778 0.3333333 0.7777778 0.2666667 0.1111111 0.2 0.2222222 0.2666667 0.1111111 0.2666667 0.4444445 0.2 0.3333334 0.2666667 0.3333334 0.2 0.6666667 0.2 0.5555556 0.2666667 0.5555556 0.2 0.8888889 0.2 0.7777778 0.2666667 0.7777778 0.2 0.2222222 0.1333333 0.1111111 0.2 0.1111111 0.1333333 0.4444445 0.1333333 0.3333334 0.2 0.3333334 0.1333333 0.6666667 0.1333333 0.5555556 0.2 0.5555556 0.1333333 0.8888889 0.1333333 0.7777778 0.2 0.7777778 0.1333333 0.1111111 0.1333333 0.1111111 0.06666666 0.1111111 0.06666666 0.2222222 0.06666666 0.1111111 0.1333333 0.1111111 0.06666666 0.3333334 0.06666666 0.2222222 0.1333333 0.2222222 0.06666666 0.4444445 0.06666666 0.3333334 0.1333333 0.3333334 0.06666666 0.5555556 0.06666666 0.4444445 0.1333333 0.4444445 0.06666666 0.6666667 0.06666666 0.5555556 0.1333333 0.5555556 0.06666666 0.7777778 0.06666666 0.6666667 0.1333333 0.6666667 0.06666666 0.8888889 0.06666666 0.7777778 0.1333333 0.7777778 0.06666666 0.2222222 0 0.1111111 0.06666666 0.1111111 0 0.3333333 0 0.4444445 0.06666666 0.3333334 0.06666666 0.5555556 0 0.6666667 0.06666666 0.5555556 0.06666666 0.8888889 0 0.7777778 0.06666666 0.7777778 0 0.2222222 0.9333333 0.1111111 1 0.1111111 0.9333333 0.4444445 0.9333333 0.3333334 1 0.3333334 0.9333333 0.6666667 0.9333333 0.5555556 1 0.5555556 0.9333333 0.8888889 0.9333333 0.7777778 1 0.7777778 0.9333333 0.4444445 0.7333334 0.5555556 0.7333334 0.5555556 0.7333334 0.1111111 0.8666667 0 0.8666667 0 0.8666667 0.6666667 0.3333333 0.7777778 0.3333333 0.7777778 0.3333333 0 0.9333333 0.1111111 0.9333333 0.1111111 0.9333333 0.2222222 0.7333334 0.3333334 0.7333334 0.3333334 0.7333334 0.4444445 0.3333333 0.5555556 0.3333333 0.5555556 0.3333333 0.7777778 0 0.7777778 0 0.7777778 0 0.1111111 0.2 0.1111111 0.2666667 0.1111111 0.2666667 0.2222222 0.3333333 0.3333334 0.3333334 0.3333334 0.3333334 0.7777778 1 0.7777778 1 0.7777778 1 0.2222222 0.2666667 0.2222222 0.2 0.2222222 0.2 0.3333334 0.2 0.3333334 0.2666667 0.3333334 0.2666667 0.8888889 0 0.7777778 0 0.7777778 0 0.4444445 0.2666667 0.4444445 0.2 0.4444445 0.2 0.1111111 0.6 0.1111111 0.6666666 0.1111111 0.6666666 0.5555556 0.2 0.5555556 0.2666667 0.5555556 0.2666667 0.2222222 0.6666666 0.2222222 0.6 0.2222222 0.6 0.8888889 0 0.8888889 0 0.8888889 0 0.6666667 0.2666667 0.6666667 0.2 0.6666667 0.2 0.3333334 0.6 0.3333334 0.6666666 0.3333334 0.6666666 0.7777778 0.2 0.7777778 0.2666667 0.7777778 0.2666667 0.4444445 0.6666666 0.4444445 0.6 0.4444445 0.6 0.3333334 1 0.3333334 1 0.3333334 1 1 0.8666666 0.8888889 0.8666666 0.8888889 0.8666666 0.8888889 0.2666667 0.8888889 0.2 0.8888889 0.2 0.5555556 0.6 0.5555556 0.6666666 0.5555556 0.6666666 0.1111111 0.1333333 0.1111111 0.2 0.1111111 0.2 0 0.8666667 0 0.9333333 0 0.9333333 0.6666667 0.6666666 0.6666667 0.6 0.6666667 0.6 0.3333334 1 0.4444445 1 0.4444445 1 0.7777778 0.8666666 0.6666667 0.8666666 0.6666667 0.8666666 0.2222222 0.2 0.2222222 0.1333333 0.2222222 0.1333333 0.7777778 0.6 0.7777778 0.6666666 0.7777778 0.6666666 0.3333334 0.1333333 0.3333334 0.2 0.3333334 0.2 1 0.4666666 0.888889 0.4666667 0.888889 0.4666667 0.8888889 0.6666666 0.8888889 0.6 0.8888889 0.6 0.7777778 1 0.7777778 1 0.7777778 1 0.5555556 0.8666666 0.4444445 0.8666667 0.4444445 0.8666667 0.4444445 0.2 0.4444445 0.1333333 0.4444445 0.1333333 0 0.6666667 0 0.6666667 0 0.6666667 0.1111111 0.5333333 0.1111111 0.6 0.1111111 0.6 0.5555556 0.1333333 0.5555556 0.2 0.5555556 0.2 0.7777778 0.4666668 0.6666666 0.4666666 0.6666666 0.4666666 0.2222222 0.6 0.2222222 0.5333333 0.2222222 0.5333333 0.8888889 1 0.7777778 1 0.7777778 1 0.3333334 0.8666667 0.2222222 0.8666667 0.2222222 0.8666667 0.6666667 0.2 0.6666667 0.1333333 0.6666667 0.1333333 0.3333334 0.5333333 0.3333334 0.6 0.3333334 0.6 1 0.06666666 0.8888889 0.06666666 0.8888889 0.06666666 0.7777778 0.1333333 0.7777778 0.2 0.7777778 0.2 0 0.5333334 0 0.4666667 0 0.4666667 0.5555556 0.4666667 0.4444445 0.4666667 0.4444445 0.4666667 0.4444445 0.6 0.4444445 0.5333333 0.4444445 0.5333333 0.8888889 0.9333333 1 0.9333333 1 0.9333333 0.8888889 0.2 0.8888889 0.1333333 0.8888889 0.1333333 0.5555556 0.5333333 0.5555556 0.6 0.5555556 0.6 0.7777778 0.06666666 0.6666667 0.06666666 0.6666667 0.06666666 0.3333334 0.4666667 0.2222222 0.4666666 0.2222222 0.4666666 0.6666667 0.6 0.6666666 0.5333333 0.6666666 0.5333333 0.6666667 0.9333333 0.7777778 0.9333333 0.7777778 0.9333333 0 0.4666667 0 0.5333334 0 0.5333334 0.7777778 0.5333333 0.7777778 0.6 0.7777778 0.6 0.5555556 0.06666666 0.4444445 0.06666666 0.4444445 0.06666666 0.888889 0.5333333 1 0.5333333 1 0.5333333 0.8888889 0.6 0.888889 0.5333333 0.888889 0.5333333 0.4444445 0.9333333 0.5555556 0.9333333 0.5555556 0.9333333 0.3333334 0.06666666 0.2222222 0.06666666 0.2222222 0.06666666 0 0.2666667 0 0.3333333 0 0.3333333 0.6666666 0.5333333 0.7777778 0.5333333 0.7777778 0.5333333 0.2222222 0.9333333 0.3333334 0.9333333 0.3333334 0.9333333 0.8888889 0.1333333 1 0.1333333 1 0.1333333 1 0.4666666 1 0.4666666 1 0.4666666 0.4444445 0.5333333 0.5555556 0.5333333 0.5555556 0.5333333 0.6666667 0.1333333 0.7777778 0.1333333 0.7777778 0.1333333 0.1111111 0 0.1111111 0.06666666 0.1111111 0.06666666 0.2222222 0.5333333 0.3333334 0.5333333 0.3333334 0.5333333 0.2222222 0.06666666 0.2222222 0 0.2222222 0 1 0.06666666 1 0.06666666 1 0.06666666 0.4444445 0.1333333 0.5555556 0.1333333 0.5555556 0.1333333 0.3333333 0 0.3333334 0.06666666 0.3333334 0.06666666 0.4444445 0.06666666 0.4444445 0 0.4444445 0 0.1111111 0.4 0.1111111 0.4666667 0.1111111 0.4666667 0.2222222 0.1333333 0.3333334 0.1333333 0.3333334 0.1333333 0.5555556 0 0.5555556 0.06666666 0.5555556 0.06666666 1 0.2666667 1 0.2666667 1 0.2666667 0.2222222 0.4666666 0.2222222 0.4 0.2222222 0.4 0.6666667 0.06666666 0.6666667 0 0.6666667 0 0.3333334 0.4 0.3333334 0.4666667 0.3333334 0.4666667 0.7777778 0 0.7777778 0.06666666 0.7777778 0.06666666 0.4444445 0.4666667 0.4444445 0.4 0.4444445 0.4 0.1111111 0.7999999 0.1111111 0.8666667 0.1111111 0.8666667 0.8888889 0.06666666 0.8888889 0 0.8888889 0 1 0.5333333 1 0.4666666 1 0.4666666 0.5555556 0.4 0.5555556 0.4666667 0.5555556 0.4666667 0.2222222 0.8666667 0.2222222 0.8 0.2222222 0.8 0.1111111 0.9333333 0.1111111 1 0.1111111 1 0.6666666 0.4666666 0.6666668 0.4 0.6666668 0.4 0.3333334 0.8 0.3333334 0.8666667 0.3333334 0.8666667 0.2222222 1 0.2222222 0.9333333 0.2222222 0.9333333 0.7777778 0.4 0.7777778 0.4666668 0.7777778 0.4666668 0.4444445 0.8666667 0.4444445 0.8 0.4444445 0.8 0.3333334 0.9333333 0.3333334 1 0.3333334 1 1 0.7333333 1 0.7333333 1 0.7333333 1 0.6666666 0.8888889 0.6666666 0.8888889 0.6666666 0.888889 0.4666667 0.8888889 0.4 0.8888889 0.4 0.5555556 0.8 0.5555556 0.8666666 0.5555556 0.8666666 0.4444445 1 0.4444445 0.9333333 0.4444445 0.9333333 0.1111111 0.06666666 0 0.06666666 0 0.06666666 0.1111111 0.3333333 0.1111111 0.4 0.1111111 0.4 0.6666667 0.8666666 0.6666667 0.8 0.6666667 0.8 0.5555556 0.9333333 0.5555556 1 0.5555556 1 0 0.1333333 0.1111111 0.1333333 0.1111111 0.1333333 0.7777778 0.6666666 0.6666667 0.6666666 0.6666667 0.6666666 0.2222222 0.4 0.2222222 0.3333333 0.2222222 0.3333333 0.7777778 0.8 0.7777778 0.8666666 0.7777778 0.8666666 0.6666667 1 0.6666667 0.9333333 0.6666667 0.9333333 0.3333334 0.3333334 0.3333334 0.4 0.3333334 0.4 1 0.2666667 0.8888889 0.2666667 0.8888889 0.2666667 0.8888889 0.8666666 0.8888889 0.8 0.8888889 0.8 0.7777778 0.9333333 0.7777778 1 0.7777778 1 0.1111111 0.2666667 0 0.2666667 0 0.2666667 0.5555556 0.6666666 0.4444445 0.6666666 0.4444445 0.6666666 0.4444445 0.4 0.4444445 0.3333333 0.4444445 0.3333333 0.1111111 0.7333334 0.1111111 0.7999999 0.1111111 0.7999999 0.8888889 1 0.8888889 0.9333333 0.8888889 0.9333333 0 0.3333333 0.1111111 0.3333333 0.1111111 0.3333333 0.5555556 0.3333333 0.5555556 0.4 0.5555556 0.4 0.7777778 0.2666667 0.6666667 0.2666667 0.6666667 0.2666667 0.2222222 0.8 0.2222222 0.7333334 0.2222222 0.7333334 0.3333334 0.6666666 0.2222222 0.6666666 0.2222222 0.6666666 0.6666668 0.4 0.6666667 0.3333333 0.6666667 0.3333333 0.3333334 0.7333334 0.3333334 0.8 0.3333334 0.8 0.1111111 0.4666667 0 0.4666667 0 0.4666667 0.7777778 0.3333333 0.7777778 0.4 0.7777778 0.4 0.5555556 0.2666667 0.4444445 0.2666667 0.4444445 0.2666667 0.4444445 0.8 0.4444445 0.7333334 0.4444445 0.7333334 0 0.5333334 0.1111111 0.5333333 0.1111111 0.5333333 0.8888889 0.7333334 1 0.7333333 1 0.7333333 0.8888889 0.4 0.8888889 0.3333333 0.8888889 0.3333333 0.5555556 0.7333334 0.5555556 0.8 0.5555556 0.8 0.3333334 0.2666667 0.2222222 0.2666667 0.2222222 0.2666667 0.6666667 0.8 0.6666667 0.7333334 0.6666667 0.7333334 0.1111111 0.6666666 0 0.6666667 0 0.6666667 0.6666667 0.7333334 0.7777778 0.7333334 0.7777778 0.7333334 0.7777778 0.7333334 0.7777778 0.8 0.7777778 0.8 0 0.7333334 0.1111111 0.7333334 0.1111111 0.7333334 0.8888889 0.3333333 1 0.3333333 1 0.3333333 0.8888889 0.8 0.8888889 0.7333334 0.8888889 0.7333334 0.2222222 1 0.2222222 1 0.2222222 1 0.2222222 1 0.1111111 1 0.1111111 1 0.5555556 1 0.5555556 1 0.5555556 1 0.1111111 1 0.1111111 1 0.1111111 1 0.4444445 1 0.3333334 1 0.3333334 1 0.8888889 1 0.8888889 1 0.8888889 1 0.4444445 1 0.4444445 1 0.4444445 1 0.1111111 1 0.2222222 1 0.2222222 1 0.5555556 1 0.5555556 1 0.5555556 1 0.6666667 1 0.5555556 1 0.5555556 1 0.7777778 1 0.8888889 1 0.8888889 1 0.6666667 1 0.6666667 1 0.6666667 1 0.2222222 1 0.1111111 1 0.1111111 1 0.1111111 1 0.1111111 1 0.1111111 1 0.5555556 1 0.6666667 1 0.6666667 1 0.2222222 1 0.2222222 1 0.2222222 1 0.7777778 1 0.8888889 1 0.8888889 1 0.5555556 1 0.6666667 1 0.6666667 1 0.3333334 1 0.4444445 1 0.4444445 1 0.1111111 1 0.2222222 1 0.2222222 1 0.7777778 1 0.7777778 1 0.7777778 1 0.4444445 1 0.3333334 1 0.3333334 1 0.8888889 1 0.8888889 1 0.8888889 1 0.6666667 1 0.5555556 1 0.5555556 1 0.5555556 1 0.5555556 1 0.5555556 1 0.8888889 1 0.7777778 1 0.7777778 1 0.6666667 1 0.6666667 1 0.6666667 1 0.6666667 1 0.5555556 1 0.5555556 1 0.3333334 1 0.3333334 1 0.3333334 1 0.1111111 1 0.2222222 1 0.2222222 1 0.4444445 1 0.4444445 1 0.4444445 1 0.8888889 1 0.7777778 1 0.7777778 1 0.2222222 1 0.2222222 1 0.2222222 1 0.1111111 0 0.2222222 0 0.2222222 0 0.3333333 0 0.3333333 0 0.3333333 0 0.1111111 1 0.1111111 1 0.1111111 1 0.4444445 1 0.3333334 1 0.3333334 1 0.7777778 1 0.7777778 1 0.7777778 1 0.6666667 1 0.6666667 1 0.6666667 1 0.2222222 1 0.1111111 1 0.1111111 1 0.3333334 1 0.3333334 1 0.3333334 1 0.4444445 1 0.4444445 1 0.4444445 1 0.7777778 1 0.8888889 1 0.8888889 1 0.8888889 1 0.8888889 1 0.8888889 1 0.1111111 1 0.1111111 1 0.1111111 1 0.5555556 1 0.6666667 1 0.6666667 1 0.2222222 1 0.2222222 1 0.2222222 1 0.3333334 1 0.4444445 1 0.4444445 1 0.3333333 0 0.4444445 0 0.4444445 0 0.5555556 1 0.6666667 1 0.6666667 1 0.3333334 1 0.3333334 1 0.3333334 1 0.4444445 0 0.3333333 0 0.3333333 0 0.7777778 1 0.8888889 1 0.8888889 1 0.6666667 1 0.6666667 1 0.6666667 1 0.5555556 0 0.6666667 0 0.6666667 0 0.7777778 0 0.7777778 0 0.7777778 0 0.8888889 1 0.8888889 1 0.8888889 1 0.5555556 1 0.5555556 1 0.5555556 1 0.6666667 1 0.6666667 1 0.6666667 1 0.6666667 0 0.6666667 0 0.6666667 0 0.7777778 1 0.8888889 1 0.8888889 1 0.3333334 1 0.3333334 1 0.3333334 1 0.5555556 0 0.5555556 0 0.5555556 0 0.5555556 1 0.6666667 1 0.6666667 1 0.2222222 0 0.2222222 0 0.2222222 0 0.4444445 1 0.4444445 1 0.4444445 1 0.1111111 0 0.1111111 0 0.1111111 0 0.3333334 1 0.4444445 1 0.4444445 1 0.7777778 0 0.8888889 0 0.8888889 0 0.1111111 1 0.2222222 1 0.2222222 1 0.2222222 0 0.1111111 0 0.1111111 0 0.8888889 1 0.7777778 1 0.7777778 1 0.5555556 0 0.6666667 0 0.6666667 0 0.6666667 1 0.5555556 1 0.5555556 1 0.4444445 0 0.3333333 0 0.3333333 0 0.4444445 1 0.3333334 1 0.3333334 1 0.3333333 0 0.4444445 0 0.4444445 0 0.2222222 1 0.1111111 1 0.1111111 1 0.4444445 0 0.4444445 0 0.4444445 0 0.6666667 0 0.5555556 0 0.5555556 0 0.2222222 0 0.2222222 0 0.2222222 0 0.6666667 1 0.5555556 1 0.5555556 1 0.3333333 0 0.4444445 0 0.4444445 0 0.8888889 1 0.7777778 1 0.7777778 1 0.1111111 0 0.2222222 0 0.2222222 0 0.1111111 1 0.2222222 1 0.2222222 1 0.8888889 0 0.7777778 0 0.7777778 0 0.3333334 1 0.4444445 1 0.4444445 1 0.4444445 1 0.4444445 1 0.4444445 1 0.3333334 1 0.4444445 1 0.4444445 1 0.6666667 0 0.5555556 0 0.5555556 0 0.1111111 1 0.2222222 1 0.2222222 1 0.1111111 0 0.2222222 0 0.2222222 0 0.8888889 1 0.7777778 1 0.7777778 1 0.8888889 0 0.7777778 0 0.7777778 0 0.6666667 1 0.5555556 1 0.5555556 1 0.2222222 0 0.2222222 0 0.2222222 0 0.4444445 1 0.3333334 1 0.3333334 1 0.1111111 0 0.1111111 0 0.1111111 0 0.2222222 1 0.1111111 1 0.1111111 1 0.4444445 0 0.4444445 0 0.4444445 0 0.1111111 1 0.1111111 1 0.1111111 1 0.3333333 0 0.3333333 0 0.3333333 0 0.2222222 1 0.2222222 1 0.2222222 1 0.6666667 0 0.6666667 0 0.6666667 0 0.7777778 1 0.7777778 1 0.7777778 1 0.5555556 0 0.5555556 0 0.5555556 0 0.7777778 0 0.8888889 0 0.8888889 0 0.8888889 1 0.8888889 1 0.8888889 1 0.8888889 0 0.8888889 0 0.8888889 0 0.2222222 0 0.1111111 0 0.1111111 0 0.5555556 1 0.5555556 1 0.5555556 1 0.2222222 0 0.1111111 0 0.1111111 0 0.4444445 0 0.3333333 0 0.3333333 0 0.6666667 0 0.5555556 0 0.5555556 0 0.8888889 0 0.7777778 0 0.7777778 0 0.1111111 1 0.2222222 1 0.2222222 1 0.7777778 1 0.8888889 1 0.8888889 1 0.5555556 1 0.6666667 1 0.6666667 1 0.3333334 1 0.4444445 1 0.4444445 1 0.4444445 1 0.3333334 1 0.3333334 1 0.1111111 0 0.1111111 0 0.1111111 0 0.2222222 1 0.1111111 1 0.1111111 1 0.4444445 0 0.4444445 0 0.4444445 0 0.1111111 1 0.1111111 1 0.1111111 1 0.3333333 0 0.3333333 0 0.3333333 0 0.2222222 1 0.2222222 1 0.2222222 1 0.6666667 0 0.6666667 0 0.6666667 0 0.7777778 1 0.7777778 1 0.7777778 1 0.5555556 0 0.5555556 0 0.5555556 0 0.7777778 0 0.8888889 0 0.8888889 0 0.8888889 1 0.8888889 1 0.8888889 1 0.8888889 0 0.8888889 0 0.8888889 0 0.3333333 0 0.3333333 0 0.3333333 0 0.5555556 1 0.5555556 1 0.5555556 1 0.7777778 0 0.7777778 0 0.7777778 0 0.5555556 0 0.6666667 0 0.6666667 0 0.6666667 1 0.6666667 1 0.6666667 1 0.7777778 1 0.8888889 1 0.8888889 1 0.2222222 0 0.2222222 0 0.2222222 0 0.3333334 1 0.3333334 1 0.3333334 1 0.5555556 1 0.6666667 1 0.6666667 1 0.3333333 0 0.4444445 0 0.4444445 0 0.4444445 1 0.4444445 1 0.4444445 1 0.8888889 0 0.7777778 0 0.7777778 0 0.6666667 0 0.5555556 0 0.5555556 0 0.2222222 0 0.1111111 0 0.1111111 0 0.4444445 0 0.3333333 0 0.3333333 0 0.2222222 0 0.1111111 0 0.1111111 0 0.6666667 0 0.6666667 0 0.6666667 0 0.1111111 0 0.1111111 0 0.1111111 0 0.5555556 0 0.6666667 0 0.6666667 0 0.8888889 0 0.8888889 0 0.8888889 0 0.5555556 0 0.5555556 0 0.5555556 0 0.4444445 0 0.3333333 0 0.3333333 0 0.7777778 0 0.7777778 0 0.7777778 0 0.7777778 0 0.8888889 0 0.8888889 0 0.6666667 0 0.5555556 0 0.5555556 0 0.1111111 0 0.2222222 0 0.2222222 0 0.4444445 0 0.4444445 0 0.4444445 0 0.1111111 0.06666666 0 0.1333333 0 0.06666666 0 0.7333334 0 0.6666667 0 0.6666667 0 0.06666666 0 0.06666666 0 0.06666666 0 0.5333334 0 0.5333334 0 0.5333334 0 0.4666667 0 0.5333334 0 0.5333334 0 0.9333333 0 0.9333333 0 0.9333333 0 0.1333333 0.1111111 0.1333333 0.1111111 0.1333333 0 0.7333334 0 0.7333334 0 0.7333334 0 0.9333333 0 0.8666667 0 0.8666667 0 0.4666667 0 0.4666667 0 0.4666667 0 0.06666666 0 0.1333333 0 0.1333333 0 0.2666667 0 0.3333333 0 0.3333333 0 0.5333334 0 0.5333334 0 0.5333334 0 0.2666667 0 0.2666667 0 0.2666667 0.1111111 0.06666666 0 0.06666666 0 0.06666666 0 0.7333334 0 0.6666667 0 0.6666667 0 0.6666667 0 0.7333334 0 0.7333334 0 0.3333333 0 0.3333333 0 0.3333333 0 0.3333333 0 0.2666667 0 0.2666667 0 0.8666667 0 0.8666667 0 0.8666667 0 0.3333333 0 0.2666667 0 0.2666667 0 0.7333334 0 0.7333334 0 0.7333334 0 0.1333333 0 0.06666666 0 0.06666666 0 0.2666667 0 0.2666667 0 0.2666667 0 0.6666667 0 0.6666667 0 0.6666667 0 0.2666667 0 0.2666667 0 0.2666667 0 0.1333333 0 0.1333333 0 0.1333333 0 0.3333333 0 0.3333333 0 0.3333333 0 0.8666667 0 0.8666667 0 0.8666667 0 0.1333333 0 0.06666666 0 0.06666666 0 0.9333333 0 0.9333333 0 0.9333333 0 0.6666667 0 0.6666667 0 0.6666667 0 0.3333333 0 0.2666667 0 0.2666667 0 0.8666667 0 0.9333333 0 0.9333333 0 0.7333334 0 0.7333334 0 0.7333334 0 0.5333334 0 0.4666667 0 0.4666667 0 0.06666666 0 0.1333333 0 0.1333333 0 0.6666667 0 0.7333334 0 0.7333334 0 0.4666667 0 0.4666667 0 0.4666667 0 0.9333333 0 0.8666667 0 0.8666667 0 0.06666666 0 0.1333333 0 0.1333333 0 0.8666667 0 0.9333333 0 0.9333333 0 0.6666667 0 0.7333334 0 0.7333334 0 0.4666667 0 0.5333334 0 0.5333334 0 0.2666667 0 0.3333333 0 0.3333333 0 0.1333333 0 0.06666666 0 0.06666666 0 0.4666667 0 0.4666667 0 0.4666667 0 0.5333334 0 0.4666667 0 0.4666667 0 0.06666666 0 0.06666666 0 0.06666666 0 0.5333334 0 0.5333334 0 0.5333334 0 0.9333333 0 0.8666667 0 0.8666667 0 0.1333333 0 0.1333333 0 0.1333333 0 0.2666667 0 0.2666667 0 0.2666667 0 0.7333334 0 0.6666667 0 0.6666667 0 0.3333333 0 0.2666667 0 0.2666667 0 0.3333333 0 0.3333333 0 0.3333333 0 0.8666667 0 0.8666667 0 0.8666667 0 0.6666667 0 0.6666667 0 0.6666667 0 0.9333333 0 0.9333333 0 0.9333333 0 0.5333334 0 0.4666667 0 0.4666667 0 0.06666666 0 0.1333333 0 0.1333333 0 0.2666667 0 0.3333333 0 0.3333333 0 0.8666667 0 0.9333333 0 0.9333333 0 0.6666667 0 0.7333334 0 0.7333334 0 0.4666667 0 0.5333334 0 0.5333334 0 0.3333333 0 0.3333333 0 0.3333333 0 0.8666667 0 0.8666667 0 0.8666667 0 0.8666667 0 0.9333333 0 0.9333333 0 0.06666666 0 0.06666666 0 0.06666666 0 0.9333333 0 0.9333333 0 0.9333333 0 0.6666667 0 0.7333334 0 0.7333334 0 0.1333333 0 0.1333333 0 0.1333333 0 0.4666667 0 0.5333334 0 0.5333334 0 0.4666667 0 0.4666667 0 0.4666667 0 0.7333334 0 0.7333334 0 0.7333334 0 0.2666667 0 0.3333333 0 0.3333333 0 0.9333333 0 0.8666667 0 0.8666667 0 0.06666666 0 0.1333333 0 0.1333333 0 0.7333334 0 0.6666667 0 0.6666667 0 0.5333334 0 0.5333334 0 0.5333334 1 0.6666666 1 0.7333333 1 0.7333333 1 0.9333333 1 0.9333333 1 0.9333333 1 0.8666666 1 0.9333333 1 0.9333333 1 0.06666666 1 0.06666666 1 0.06666666 1 0.6666666 1 0.6666666 1 0.6666666 1 0.6666666 1 0.6666666 1 0.6666666 1 0.06666666 1 0.1333333 1 0.1333333 1 0.1333333 1 0.06666666 1 0.06666666 1 0.6666666 1 0.7333333 1 0.7333333 1 0.9333333 1 0.9333333 1 0.9333333 1 0.7333333 1 0.6666666 1 0.6666666 1 0.5333333 1 0.5333333 1 0.5333333 1 0.3333333 1 0.2666667 1 0.2666667 1 0.1333333 1 0.1333333 1 0.1333333 1 0.4666666 1 0.5333333 1 0.5333333 1 0.8666666 1 0.8666666 1 0.8666666 1 0.9333333 1 0.8666666 1 0.8666666 1 0.3333333 1 0.3333333 1 0.3333333 1 0.2666667 1 0.3333333 1 0.3333333 1 0.8666666 1 0.9333333 1 0.9333333 1 0.1333333 1 0.06666666 1 0.06666666 1 0.3333333 1 0.2666667 1 0.2666667 1 0.5333333 1 0.4666666 1 0.4666666 1 0.7333333 1 0.6666666 1 0.6666666 1 0.9333333 1 0.8666666 1 0.8666666 1 0.5333333 1 0.5333333 1 0.5333333 1 0.4666666 1 0.5333333 1 0.5333333 1 0.9333333 1 0.9333333 1 0.9333333 1 0.1333333 1 0.1333333 1 0.1333333 1 0.2666667 1 0.3333333 1 0.3333333 1 0.6666666 1 0.7333333 1 0.7333333 1 0.3333333 1 0.3333333 1 0.3333333 1 0.06666666 1 0.1333333 1 0.1333333 1 0.4666666 1 0.5333333 1 0.5333333 1 0.2666667 1 0.2666667 1 0.2666667 1 0.8666666 1 0.8666666 1 0.8666666 1 0.7333333 1 0.7333333 1 0.7333333 1 0.7333333 1 0.7333333 1 0.7333333 1 0.4666666 1 0.4666666 1 0.4666666 1 0.1333333 1 0.1333333 1 0.1333333 1 0.1333333 1 0.06666666 1 0.06666666 1 0.4666666 1 0.5333333 1 0.5333333 1 0.1333333 1 0.1333333 1 0.1333333 1 0.2666667 1 0.3333333 1 0.3333333 1 0.5333333 1 0.5333333 1 0.5333333 1 0.8666666 1 0.9333333 1 0.9333333 1 0.1333333 1 0.06666666 1 0.06666666 1 0.6666666 1 0.6666666 1 0.6666666 1 0.3333333 1 0.3333333 1 0.3333333 1 0.3333333 1 0.2666667 1 0.2666667 1 0.2666667 1 0.2666667 1 0.2666667 1 0.5333333 1 0.4666666 1 0.4666666 1 0.5333333 1 0.5333333 1 0.5333333 1 0.06666666 1 0.06666666 1 0.06666666 1 0.4666666 1 0.4666666 1 0.4666666 1 0.7333333 1 0.6666666 1 0.6666666 1 0.06666666 1 0.1333333 1 0.1333333 1 0.8666666 1 0.8666666 1 0.8666666 1 0.9333333 1 0.8666666 1 0.8666666 1 0.2666667 1 0.3333333 1 0.3333333 1 0.1333333 1 0.06666666 1 0.06666666 1 0.3333333 1 0.2666667 1 0.2666667 1 0.5333333 1 0.4666666 1 0.4666666 1 0.7333333 1 0.6666666 1 0.6666666 1 0.9333333 1 0.8666666 1 0.8666666 1 0.3333333 1 0.3333333 1 0.3333333 1 0.6666666 1 0.7333333 1 0.7333333 1 0.3333333 1 0.2666667 1 0.2666667 1 0.2666667 1 0.2666667 1 0.2666667 1 0.8666666 1 0.9333333 1 0.9333333 1 0.5333333 1 0.4666666 1 0.4666666 1 0.4666666 1 0.4666666 1 0.4666666 1 0.6666666 1 0.6666666 1 0.6666666 1 0.7333333 1 0.6666666 1 0.6666666 1 0.8666666 1 0.8666666 1 0.8666666 1 0.06666666 1 0.06666666 1 0.06666666 1 0.9333333 1 0.8666666 1 0.8666666 1 0.7333333 1 0.7333333 1 0.7333333 1 0.9333333 1 0.9333333 1 0.9333333 1 0.06666666 1 0.1333333 1 0.1333333 0.1111111 0.3333333 0.2222222 0.3333333 0.2222222 0.4 0.8888889 0.4 0.888889 0.4666667 0.7777778 0.4666668 0.8888889 0.1333333 1 0.1333333 1 0.06666666 0.6666668 0.4 0.6666666 0.4666666 0.5555556 0.4666667 0.4444445 0.4 0.4444445 0.4666667 0.3333334 0.4666667 0.8888889 0.3333333 1 0.3333333 1 0.2666667 0.1111111 0.4 0.2222222 0.4 0.2222222 0.4666666 0.7777778 0.4666668 0.888889 0.4666667 0.888889 0.5333333 0.888889 0.4666667 0.888889 0.5333333 1 0.5333333 0.6666666 0.4666666 0.7777778 0.4666668 0.7777778 0.5333333 0.5555556 0.4666667 0.6666666 0.4666666 0.6666666 0.5333333 0.8888889 0.7333334 1 0.7333333 1 0.6666666 0.5555556 0.4666667 0.5555556 0.5333333 0.4444445 0.5333333 0.4444445 0.4666667 0.4444445 0.5333333 0.3333334 0.5333333 0.8888889 0.9333333 1 0.9333333 1 0.8666666 0 0.9333333 0.1111111 0.9333333 0.1111111 0.8666667 0.1111111 0.9333333 0.2222222 0.9333333 0.2222222 0.8666667 0.2222222 0.9333333 0.3333334 0.9333333 0.3333334 0.8666667 0.3333334 0.9333333 0.4444445 0.9333333 0.4444445 0.8666667 0.4444445 0.9333333 0.5555556 0.9333333 0.5555556 0.8666666 0.5555556 0.9333333 0.6666667 0.9333333 0.6666667 0.8666666 0.6666667 0.9333333 0.7777778 0.9333333 0.7777778 0.8666666 0.7777778 0.9333333 0.8888889 0.9333333 0.8888889 0.8666666 0.2222222 0.4666666 0.3333334 0.4666667 0.3333334 0.5333333 0.1111111 0.7999999 0.1111111 0.8666667 0.2222222 0.8666667 0.1111111 0.4666667 0.2222222 0.4666666 0.2222222 0.5333333 0.3333334 0.8666667 0.4444445 0.8666667 0.4444445 0.8 1 0.2666667 1 0.3333333 0.8888889 0.3333333 0.5555556 0.8666666 0.6666667 0.8666666 0.6666667 0.8 0.1111111 0.4666667 0.1111111 0.5333333 0 0.5333334 0.7777778 0.8666666 0.8888889 0.8666666 0.8888889 0.8 0.888889 0.5333333 0.8888889 0.6 0.7777778 0.6 0.1111111 0.7333334 0.1111111 0.7999999 0.2222222 0.8 0.5555556 0.5333333 0.6666666 0.5333333 0.6666667 0.6 0.3333334 0.8 0.4444445 0.8 0.4444445 0.7333334 1 0.06666666 1 0.1333333 0.8888889 0.1333333 0.5555556 0.8 0.6666667 0.8 0.6666667 0.7333334 0.4444445 0.5333333 0.4444445 0.6 0.3333334 0.6 0.7777778 0.8 0.8888889 0.8 0.8888889 0.7333334 0 0.7333334 0.1111111 0.7333334 0.1111111 0.6666666 0.1111111 0.6666666 0.1111111 0.7333334 0.2222222 0.7333334 0.2222222 0.6666666 0.2222222 0.7333334 0.3333334 0.7333334 0.3333334 0.7333334 0.4444445 0.7333334 0.4444445 0.6666666 0.4444445 0.7333334 0.5555556 0.7333334 0.5555556 0.6666666 0.5555556 0.7333334 0.6666667 0.7333334 0.6666667 0.6666666 0.6666667 0.7333334 0.7777778 0.7333334 0.7777778 0.6666666 0.7777778 0.7333334 0.8888889 0.7333334 0.8888889 0.6666666 0.2222222 0.5333333 0.2222222 0.6 0.1111111 0.6 0.1111111 0.6 0.1111111 0.6666666 0.2222222 0.6666666 0.8888889 0.6 0.8888889 0.6666666 0.7777778 0.6666666 0.3333334 0.6 0.3333334 0.6666666 0.4444445 0.6666666 0.6666667 0.6 0.6666667 0.6666666 0.5555556 0.6666666 0.5555556 0.6666666 0.6666667 0.6666666 0.6666667 0.6 0.3333334 0.6 0.4444445 0.6 0.4444445 0.6666666 0.7777778 0.6666666 0.8888889 0.6666666 0.8888889 0.6 0.1111111 0.6 0.2222222 0.6 0.2222222 0.6666666 0.1111111 0.6 0.2222222 0.6 0.2222222 0.5333333 0.8888889 0.6666666 0.8888889 0.7333334 0.7777778 0.7333334 0.3333334 0.6 0.4444445 0.6 0.4444445 0.5333333 0.7777778 0.6666666 0.7777778 0.7333334 0.6666667 0.7333334 0.5555556 0.5333333 0.5555556 0.6 0.6666667 0.6 0.6666667 0.6666666 0.6666667 0.7333334 0.5555556 0.7333334 0.7777778 0.6 0.8888889 0.6 0.888889 0.5333333 0 0.5333334 0.1111111 0.5333333 0.1111111 0.4666667 0.1111111 0.4666667 0.1111111 0.5333333 0.2222222 0.5333333 0.2222222 0.4666666 0.2222222 0.5333333 0.3333334 0.5333333 0.3333334 0.5333333 0.4444445 0.5333333 0.4444445 0.4666667 0.4444445 0.5333333 0.5555556 0.5333333 0.5555556 0.4666667 0.5555556 0.4666667 0.5555556 0.5333333 0.6666666 0.5333333 0.6666666 0.4666666 0.6666666 0.5333333 0.7777778 0.5333333 0.7777778 0.4666668 0.7777778 0.5333333 0.888889 0.5333333 0.5555556 0.6666666 0.5555556 0.7333334 0.4444445 0.7333334 0.1111111 0.4 0.1111111 0.4666667 0.2222222 0.4666666 0.4444445 0.6666666 0.4444445 0.7333334 0.3333334 0.7333334 0.3333334 0.4666667 0.4444445 0.4666667 0.4444445 0.4 0.2222222 0.6666666 0.3333334 0.6666666 0.3333334 0.7333334 0.5555556 0.4666667 0.6666666 0.4666666 0.6666668 0.4 0.1111111 0.6666666 0.2222222 0.6666666 0.2222222 0.7333334 0.7777778 0.4666668 0.888889 0.4666667 0.8888889 0.4 0.1111111 0.6666666 0.1111111 0.7333334 0 0.7333334 0.1111111 0.3333333 0.1111111 0.4 0.2222222 0.4 0.8888889 0.7333334 0.8888889 0.8 0.7777778 0.8 0.3333334 0.4 0.4444445 0.4 0.4444445 0.3333333 0.6666667 0.7333334 0.6666667 0.8 0.5555556 0.8 0.5555556 0.3333333 0.5555556 0.4 0.6666668 0.4 0.4444445 0.7333334 0.4444445 0.8 0.3333334 0.8 0.7777778 0.4 0.8888889 0.4 0.8888889 0.3333333 0 0.3333333 0.1111111 0.3333333 0.1111111 0.2666667 0.1111111 0.2666667 0.1111111 0.3333333 0.2222222 0.3333333 0.2222222 0.2666667 0.2222222 0.3333333 0.3333334 0.3333334 0.3333334 0.3333334 0.4444445 0.3333333 0.4444445 0.2666667 0.4444445 0.3333333 0.5555556 0.3333333 0.5555556 0.2666667 0.5555556 0.3333333 0.6666667 0.3333333 0.6666667 0.2666667 0.6666667 0.3333333 0.7777778 0.3333333 0.7777778 0.2666667 0.7777778 0.3333333 0.8888889 0.3333333 0.8888889 0.2666667 0.1111111 0.7333334 0.2222222 0.7333334 0.2222222 0.8 0.1111111 0.2 0.1111111 0.2666667 0.2222222 0.2666667 0.8888889 0.8 0.8888889 0.8666666 0.7777778 0.8666666 0.3333334 0.2666667 0.4444445 0.2666667 0.4444445 0.2 0.6666667 0.8 0.6666667 0.8666666 0.5555556 0.8666666 0.5555556 0.2666667 0.6666667 0.2666667 0.6666667 0.2 0.4444445 0.8 0.4444445 0.8666667 0.3333334 0.8666667 0.7777778 0.2666667 0.8888889 0.2666667 0.8888889 0.2 0.1111111 0.7999999 0.2222222 0.8 0.2222222 0.8666667 0.1111111 0.2 0.2222222 0.2 0.2222222 0.1333333 0.8888889 0.8666666 0.8888889 0.9333333 0.7777778 0.9333333 0.3333334 0.2 0.4444445 0.2 0.4444445 0.1333333 0.7777778 0.8666666 0.7777778 0.9333333 0.6666667 0.9333333 0.5555556 0.2 0.6666667 0.2 0.6666667 0.1333333 0.6666667 0.8666666 0.6666667 0.9333333 0.5555556 0.9333333 0.7777778 0.2 0.8888889 0.2 0.8888889 0.1333333 0 0.1333333 0.1111111 0.1333333 0.1111111 0.06666666 0.1111111 0.1333333 0.2222222 0.1333333 0.2222222 0.06666666 0.2222222 0.1333333 0.3333334 0.1333333 0.3333334 0.06666666 0.3333334 0.1333333 0.4444445 0.1333333 0.4444445 0.06666666 0.4444445 0.1333333 0.5555556 0.1333333 0.5555556 0.06666666 0.5555556 0.1333333 0.6666667 0.1333333 0.6666667 0.06666666 0.6666667 0.1333333 0.7777778 0.1333333 0.7777778 0.06666666 0.7777778 0.1333333 0.8888889 0.1333333 0.8888889 0.06666666 0.5555556 0.8666666 0.5555556 0.9333333 0.4444445 0.9333333 0.1111111 0.06666666 0.2222222 0.06666666 0.2222222 0 0.4444445 0.8666667 0.4444445 0.9333333 0.3333334 0.9333333 0.3333333 0 0.3333334 0.06666666 0.4444445 0.06666666 0.3333334 0.8666667 0.3333334 0.9333333 0.2222222 0.9333333 0.5555556 0 0.5555556 0.06666666 0.6666667 0.06666666 0.2222222 0.8666667 0.2222222 0.9333333 0.1111111 0.9333333 0.7777778 0.06666666 0.8888889 0.06666666 0.8888889 0 0.1111111 0.8666667 0.1111111 0.9333333 0 0.9333333 0.1111111 1 0.2222222 1 0.2222222 0.9333333 1 0.8666666 1 0.9333333 0.8888889 0.9333333 0.3333334 1 0.4444445 1 0.4444445 0.9333333 1 0.6666666 1 0.7333333 0.8888889 0.7333334 0.5555556 1 0.6666667 1 0.6666667 0.9333333 0.888889 0.4666667 1 0.4666666 1 0.5333333 0.7777778 1 0.8888889 1 0.8888889 0.9333333 0.4444445 0.3333333 0.4444445 0.4 0.3333334 0.4 0.5555556 0.3333333 0.6666667 0.3333333 0.6666668 0.4 0.8888889 0.3333333 0.8888889 0.4 0.7777778 0.4 0.1111111 0.2666667 0.1111111 0.3333333 0 0.3333333 0.1111111 0.2666667 0.2222222 0.2666667 0.2222222 0.3333333 0.2222222 0.2666667 0.3333334 0.2666667 0.3333334 0.3333334 0.4444445 0.2666667 0.4444445 0.3333333 0.3333334 0.3333334 0.5555556 0.2666667 0.5555556 0.3333333 0.4444445 0.3333333 0.6666667 0.2666667 0.6666667 0.3333333 0.5555556 0.3333333 0.7777778 0.2666667 0.7777778 0.3333333 0.6666667 0.3333333 0.8888889 0.2666667 0.8888889 0.3333333 0.7777778 0.3333333 0.1111111 0.2 0.2222222 0.2 0.2222222 0.2666667 0.4444445 0.2 0.4444445 0.2666667 0.3333334 0.2666667 0.6666667 0.2 0.6666667 0.2666667 0.5555556 0.2666667 0.8888889 0.2 0.8888889 0.2666667 0.7777778 0.2666667 0.2222222 0.1333333 0.2222222 0.2 0.1111111 0.2 0.4444445 0.1333333 0.4444445 0.2 0.3333334 0.2 0.6666667 0.1333333 0.6666667 0.2 0.5555556 0.2 0.8888889 0.1333333 0.8888889 0.2 0.7777778 0.2 0.1111111 0.1333333 0.1111111 0.1333333 0.1111111 0.06666666 0.2222222 0.06666666 0.2222222 0.1333333 0.1111111 0.1333333 0.3333334 0.06666666 0.3333334 0.1333333 0.2222222 0.1333333 0.4444445 0.06666666 0.4444445 0.1333333 0.3333334 0.1333333 0.5555556 0.06666666 0.5555556 0.1333333 0.4444445 0.1333333 0.6666667 0.06666666 0.6666667 0.1333333 0.5555556 0.1333333 0.7777778 0.06666666 0.7777778 0.1333333 0.6666667 0.1333333 0.8888889 0.06666666 0.8888889 0.1333333 0.7777778 0.1333333 0.2222222 0 0.2222222 0.06666666 0.1111111 0.06666666 0.3333333 0 0.4444445 0 0.4444445 0.06666666 0.5555556 0 0.6666667 0 0.6666667 0.06666666 0.8888889 0 0.8888889 0.06666666 0.7777778 0.06666666 0.2222222 0.9333333 0.2222222 1 0.1111111 1 0.4444445 0.9333333 0.4444445 1 0.3333334 1 0.6666667 0.9333333 0.6666667 1 0.5555556 1 0.8888889 0.9333333 0.8888889 1 0.7777778 1 0.4444445 0.7333334 0.4444445 0.7333334 0.5555556 0.7333334 0.1111111 0.8666667 0.1111111 0.8666667 0 0.8666667 0.6666667 0.3333333 0.6666667 0.3333333 0.7777778 0.3333333 0 0.9333333 0 0.9333333 0.1111111 0.9333333 0.2222222 0.7333334 0.2222222 0.7333334 0.3333334 0.7333334 0.4444445 0.3333333 0.4444445 0.3333333 0.5555556 0.3333333 0.7777778 0 0.7777778 0 0.7777778 0 0.1111111 0.2 0.1111111 0.2 0.1111111 0.2666667 0.2222222 0.3333333 0.2222222 0.3333333 0.3333334 0.3333334 0.7777778 1 0.7777778 1 0.7777778 1 0.2222222 0.2666667 0.2222222 0.2666667 0.2222222 0.2 0.3333334 0.2 0.3333334 0.2 0.3333334 0.2666667 0.8888889 0 0.8888889 0 0.7777778 0 0.4444445 0.2666667 0.4444445 0.2666667 0.4444445 0.2 0.1111111 0.6 0.1111111 0.6 0.1111111 0.6666666 0.5555556 0.2 0.5555556 0.2 0.5555556 0.2666667 0.2222222 0.6666666 0.2222222 0.6666666 0.2222222 0.6 0.8888889 0 0.8888889 0 0.8888889 0 0.6666667 0.2666667 0.6666667 0.2666667 0.6666667 0.2 0.3333334 0.6 0.3333334 0.6 0.3333334 0.6666666 0.7777778 0.2 0.7777778 0.2 0.7777778 0.2666667 0.4444445 0.6666666 0.4444445 0.6666666 0.4444445 0.6 0.3333334 1 0.3333334 1 0.3333334 1 1 0.8666666 1 0.8666666 0.8888889 0.8666666 0.8888889 0.2666667 0.8888889 0.2666667 0.8888889 0.2 0.5555556 0.6 0.5555556 0.6 0.5555556 0.6666666 0.1111111 0.1333333 0.1111111 0.1333333 0.1111111 0.2 0 0.8666667 0 0.8666667 0 0.9333333 0.6666667 0.6666666 0.6666667 0.6666666 0.6666667 0.6 0.3333334 1 0.3333334 1 0.4444445 1 0.7777778 0.8666666 0.7777778 0.8666666 0.6666667 0.8666666 0.2222222 0.2 0.2222222 0.2 0.2222222 0.1333333 0.7777778 0.6 0.7777778 0.6 0.7777778 0.6666666 0.3333334 0.1333333 0.3333334 0.1333333 0.3333334 0.2 1 0.4666666 1 0.4666666 0.888889 0.4666667 0.8888889 0.6666666 0.8888889 0.6666666 0.8888889 0.6 0.7777778 1 0.7777778 1 0.7777778 1 0.5555556 0.8666666 0.5555556 0.8666666 0.4444445 0.8666667 0.4444445 0.2 0.4444445 0.2 0.4444445 0.1333333 0 0.6666667 0 0.6666667 0 0.6666667 0.1111111 0.5333333 0.1111111 0.5333333 0.1111111 0.6 0.5555556 0.1333333 0.5555556 0.1333333 0.5555556 0.2 0.7777778 0.4666668 0.7777778 0.4666668 0.6666666 0.4666666 0.2222222 0.6 0.2222222 0.6 0.2222222 0.5333333 0.8888889 1 0.8888889 1 0.7777778 1 0.3333334 0.8666667 0.3333334 0.8666667 0.2222222 0.8666667 0.6666667 0.2 0.6666667 0.2 0.6666667 0.1333333 0.3333334 0.5333333 0.3333334 0.5333333 0.3333334 0.6 1 0.06666666 1 0.06666666 0.8888889 0.06666666 0.7777778 0.1333333 0.7777778 0.1333333 0.7777778 0.2 0 0.5333334 0 0.5333334 0 0.4666667 0.5555556 0.4666667 0.5555556 0.4666667 0.4444445 0.4666667 0.4444445 0.6 0.4444445 0.6 0.4444445 0.5333333 0.8888889 0.9333333 0.8888889 0.9333333 1 0.9333333 0.8888889 0.2 0.8888889 0.2 0.8888889 0.1333333 0.5555556 0.5333333 0.5555556 0.5333333 0.5555556 0.6 0.7777778 0.06666666 0.7777778 0.06666666 0.6666667 0.06666666 0.3333334 0.4666667 0.3333334 0.4666667 0.2222222 0.4666666 0.6666667 0.6 0.6666667 0.6 0.6666666 0.5333333 0.6666667 0.9333333 0.6666667 0.9333333 0.7777778 0.9333333 0 0.4666667 0 0.4666667 0 0.5333334 0.7777778 0.5333333 0.7777778 0.5333333 0.7777778 0.6 0.5555556 0.06666666 0.5555556 0.06666666 0.4444445 0.06666666 0.888889 0.5333333 0.888889 0.5333333 1 0.5333333 0.8888889 0.6 0.8888889 0.6 0.888889 0.5333333 0.4444445 0.9333333 0.4444445 0.9333333 0.5555556 0.9333333 0.3333334 0.06666666 0.3333334 0.06666666 0.2222222 0.06666666 0 0.2666667 0 0.2666667 0 0.3333333 0.6666666 0.5333333 0.6666666 0.5333333 0.7777778 0.5333333 0.2222222 0.9333333 0.2222222 0.9333333 0.3333334 0.9333333 0.8888889 0.1333333 0.8888889 0.1333333 1 0.1333333 1 0.4666666 1 0.4666666 1 0.4666666 0.4444445 0.5333333 0.4444445 0.5333333 0.5555556 0.5333333 0.6666667 0.1333333 0.6666667 0.1333333 0.7777778 0.1333333 0.1111111 0 0.1111111 0 0.1111111 0.06666666 0.2222222 0.5333333 0.2222222 0.5333333 0.3333334 0.5333333 0.2222222 0.06666666 0.2222222 0.06666666 0.2222222 0 1 0.06666666 1 0.06666666 1 0.06666666 0.4444445 0.1333333 0.4444445 0.1333333 0.5555556 0.1333333 0.3333333 0 0.3333333 0 0.3333334 0.06666666 0.4444445 0.06666666 0.4444445 0.06666666 0.4444445 0 0.1111111 0.4 0.1111111 0.4 0.1111111 0.4666667 0.2222222 0.1333333 0.2222222 0.1333333 0.3333334 0.1333333 0.5555556 0 0.5555556 0 0.5555556 0.06666666 1 0.2666667 1 0.2666667 1 0.2666667 0.2222222 0.4666666 0.2222222 0.4666666 0.2222222 0.4 0.6666667 0.06666666 0.6666667 0.06666666 0.6666667 0 0.3333334 0.4 0.3333334 0.4 0.3333334 0.4666667 0.7777778 0 0.7777778 0 0.7777778 0.06666666 0.4444445 0.4666667 0.4444445 0.4666667 0.4444445 0.4 0.1111111 0.7999999 0.1111111 0.7999999 0.1111111 0.8666667 0.8888889 0.06666666 0.8888889 0.06666666 0.8888889 0 1 0.5333333 1 0.5333333 1 0.4666666 0.5555556 0.4 0.5555556 0.4 0.5555556 0.4666667 0.2222222 0.8666667 0.2222222 0.8666667 0.2222222 0.8 0.1111111 0.9333333 0.1111111 0.9333333 0.1111111 1 0.6666666 0.4666666 0.6666666 0.4666666 0.6666668 0.4 0.3333334 0.8 0.3333334 0.8 0.3333334 0.8666667 0.2222222 1 0.2222222 1 0.2222222 0.9333333 0.7777778 0.4 0.7777778 0.4 0.7777778 0.4666668 0.4444445 0.8666667 0.4444445 0.8666667 0.4444445 0.8 0.3333334 0.9333333 0.3333334 0.9333333 0.3333334 1 1 0.7333333 1 0.7333333 1 0.7333333 1 0.6666666 1 0.6666666 0.8888889 0.6666666 0.888889 0.4666667 0.888889 0.4666667 0.8888889 0.4 0.5555556 0.8 0.5555556 0.8 0.5555556 0.8666666 0.4444445 1 0.4444445 1 0.4444445 0.9333333 0.1111111 0.06666666 0.1111111 0.06666666 0 0.06666666 0.1111111 0.3333333 0.1111111 0.3333333 0.1111111 0.4 0.6666667 0.8666666 0.6666667 0.8666666 0.6666667 0.8 0.5555556 0.9333333 0.5555556 0.9333333 0.5555556 1 0 0.1333333 0 0.1333333 0.1111111 0.1333333 0.7777778 0.6666666 0.7777778 0.6666666 0.6666667 0.6666666 0.2222222 0.4 0.2222222 0.4 0.2222222 0.3333333 0.7777778 0.8 0.7777778 0.8 0.7777778 0.8666666 0.6666667 1 0.6666667 1 0.6666667 0.9333333 0.3333334 0.3333334 0.3333334 0.3333334 0.3333334 0.4 1 0.2666667 1 0.2666667 0.8888889 0.2666667 0.8888889 0.8666666 0.8888889 0.8666666 0.8888889 0.8 0.7777778 0.9333333 0.7777778 0.9333333 0.7777778 1 0.1111111 0.2666667 0.1111111 0.2666667 0 0.2666667 0.5555556 0.6666666 0.5555556 0.6666666 0.4444445 0.6666666 0.4444445 0.4 0.4444445 0.4 0.4444445 0.3333333 0.1111111 0.7333334 0.1111111 0.7333334 0.1111111 0.7999999 0.8888889 1 0.8888889 1 0.8888889 0.9333333 0 0.3333333 0 0.3333333 0.1111111 0.3333333 0.5555556 0.3333333 0.5555556 0.3333333 0.5555556 0.4 0.7777778 0.2666667 0.7777778 0.2666667 0.6666667 0.2666667 0.2222222 0.8 0.2222222 0.8 0.2222222 0.7333334 0.3333334 0.6666666 0.3333334 0.6666666 0.2222222 0.6666666 0.6666668 0.4 0.6666668 0.4 0.6666667 0.3333333 0.3333334 0.7333334 0.3333334 0.7333334 0.3333334 0.8 0.1111111 0.4666667 0.1111111 0.4666667 0 0.4666667 0.7777778 0.3333333 0.7777778 0.3333333 0.7777778 0.4 0.5555556 0.2666667 0.5555556 0.2666667 0.4444445 0.2666667 0.4444445 0.8 0.4444445 0.8 0.4444445 0.7333334 0 0.5333334 0 0.5333334 0.1111111 0.5333333 0.8888889 0.7333334 0.8888889 0.7333334 1 0.7333333 0.8888889 0.4 0.8888889 0.4 0.8888889 0.3333333 0.5555556 0.7333334 0.5555556 0.7333334 0.5555556 0.8 0.3333334 0.2666667 0.3333334 0.2666667 0.2222222 0.2666667 0.6666667 0.8 0.6666667 0.8 0.6666667 0.7333334 0.1111111 0.6666666 0.1111111 0.6666666 0 0.6666667 0.6666667 0.7333334 0.6666667 0.7333334 0.7777778 0.7333334 0.7777778 0.7333334 0.7777778 0.7333334 0.7777778 0.8 0 0.7333334 0 0.7333334 0.1111111 0.7333334 0.8888889 0.3333333 0.8888889 0.3333333 1 0.3333333 0.8888889 0.8 0.8888889 0.8 0.8888889 0.7333334 0.2222222 1 0.2222222 1 0.2222222 1 0.2222222 1 0.2222222 1 0.1111111 1 0.5555556 1 0.5555556 1 0.5555556 1 0.1111111 1 0.1111111 1 0.1111111 1 0.4444445 1 0.4444445 1 0.3333334 1 0.8888889 1 0.8888889 1 0.8888889 1 0.4444445 1 0.4444445 1 0.4444445 1 0.1111111 1 0.1111111 1 0.2222222 1 0.5555556 1 0.5555556 1 0.5555556 1 0.6666667 1 0.6666667 1 0.5555556 1 0.7777778 1 0.7777778 1 0.8888889 1 0.6666667 1 0.6666667 1 0.6666667 1 0.2222222 1 0.2222222 1 0.1111111 1 0.1111111 1 0.1111111 1 0.1111111 1 0.5555556 1 0.5555556 1 0.6666667 1 0.2222222 1 0.2222222 1 0.2222222 1 0.7777778 1 0.7777778 1 0.8888889 1 0.5555556 1 0.5555556 1 0.6666667 1 0.3333334 1 0.3333334 1 0.4444445 1 0.1111111 1 0.1111111 1 0.2222222 1 0.7777778 1 0.7777778 1 0.7777778 1 0.4444445 1 0.4444445 1 0.3333334 1 0.8888889 1 0.8888889 1 0.8888889 1 0.6666667 1 0.6666667 1 0.5555556 1 0.5555556 1 0.5555556 1 0.5555556 1 0.8888889 1 0.8888889 1 0.7777778 1 0.6666667 1 0.6666667 1 0.6666667 1 0.6666667 1 0.6666667 1 0.5555556 1 0.3333334 1 0.3333334 1 0.3333334 1 0.1111111 1 0.1111111 1 0.2222222 1 0.4444445 1 0.4444445 1 0.4444445 1 0.8888889 1 0.8888889 1 0.7777778 1 0.2222222 1 0.2222222 1 0.2222222 1 0.1111111 0 0.1111111 0 0.2222222 0 0.3333333 0 0.3333333 0 0.3333333 0 0.1111111 1 0.1111111 1 0.1111111 1 0.4444445 1 0.4444445 1 0.3333334 1 0.7777778 1 0.7777778 1 0.7777778 1 0.6666667 1 0.6666667 1 0.6666667 1 0.2222222 1 0.2222222 1 0.1111111 1 0.3333334 1 0.3333334 1 0.3333334 1 0.4444445 1 0.4444445 1 0.4444445 1 0.7777778 1 0.7777778 1 0.8888889 1 0.8888889 1 0.8888889 1 0.8888889 1 0.1111111 1 0.1111111 1 0.1111111 1 0.5555556 1 0.5555556 1 0.6666667 1 0.2222222 1 0.2222222 1 0.2222222 1 0.3333334 1 0.3333334 1 0.4444445 1 0.3333333 0 0.3333333 0 0.4444445 0 0.5555556 1 0.5555556 1 0.6666667 1 0.3333334 1 0.3333334 1 0.3333334 1 0.4444445 0 0.4444445 0 0.3333333 0 0.7777778 1 0.7777778 1 0.8888889 1 0.6666667 1 0.6666667 1 0.6666667 1 0.5555556 0 0.5555556 0 0.6666667 0 0.7777778 0 0.7777778 0 0.7777778 0 0.8888889 1 0.8888889 1 0.8888889 1 0.5555556 1 0.5555556 1 0.5555556 1 0.6666667 1 0.6666667 1 0.6666667 1 0.6666667 0 0.6666667 0 0.6666667 0 0.7777778 1 0.7777778 1 0.8888889 1 0.3333334 1 0.3333334 1 0.3333334 1 0.5555556 0 0.5555556 0 0.5555556 0 0.5555556 1 0.5555556 1 0.6666667 1 0.2222222 0 0.2222222 0 0.2222222 0 0.4444445 1 0.4444445 1 0.4444445 1 0.1111111 0 0.1111111 0 0.1111111 0 0.3333334 1 0.3333334 1 0.4444445 1 0.7777778 0 0.7777778 0 0.8888889 0 0.1111111 1 0.1111111 1 0.2222222 1 0.2222222 0 0.2222222 0 0.1111111 0 0.8888889 1 0.8888889 1 0.7777778 1 0.5555556 0 0.5555556 0 0.6666667 0 0.6666667 1 0.6666667 1 0.5555556 1 0.4444445 0 0.4444445 0 0.3333333 0 0.4444445 1 0.4444445 1 0.3333334 1 0.3333333 0 0.3333333 0 0.4444445 0 0.2222222 1 0.2222222 1 0.1111111 1 0.4444445 0 0.4444445 0 0.4444445 0 0.6666667 0 0.6666667 0 0.5555556 0 0.2222222 0 0.2222222 0 0.2222222 0 0.6666667 1 0.6666667 1 0.5555556 1 0.3333333 0 0.3333333 0 0.4444445 0 0.8888889 1 0.8888889 1 0.7777778 1 0.1111111 0 0.1111111 0 0.2222222 0 0.1111111 1 0.1111111 1 0.2222222 1 0.8888889 0 0.8888889 0 0.7777778 0 0.3333334 1 0.3333334 1 0.4444445 1 0.4444445 1 0.4444445 1 0.4444445 1 0.3333334 1 0.3333334 1 0.4444445 1 0.6666667 0 0.6666667 0 0.5555556 0 0.1111111 1 0.1111111 1 0.2222222 1 0.1111111 0 0.1111111 0 0.2222222 0 0.8888889 1 0.8888889 1 0.7777778 1 0.8888889 0 0.8888889 0 0.7777778 0 0.6666667 1 0.6666667 1 0.5555556 1 0.2222222 0 0.2222222 0 0.2222222 0 0.4444445 1 0.4444445 1 0.3333334 1 0.1111111 0 0.1111111 0 0.1111111 0 0.2222222 1 0.2222222 1 0.1111111 1 0.4444445 0 0.4444445 0 0.4444445 0 0.1111111 1 0.1111111 1 0.1111111 1 0.3333333 0 0.3333333 0 0.3333333 0 0.2222222 1 0.2222222 1 0.2222222 1 0.6666667 0 0.6666667 0 0.6666667 0 0.7777778 1 0.7777778 1 0.7777778 1 0.5555556 0 0.5555556 0 0.5555556 0 0.7777778 0 0.7777778 0 0.8888889 0 0.8888889 1 0.8888889 1 0.8888889 1 0.8888889 0 0.8888889 0 0.8888889 0 0.2222222 0 0.2222222 0 0.1111111 0 0.5555556 1 0.5555556 1 0.5555556 1 0.2222222 0 0.2222222 0 0.1111111 0 0.4444445 0 0.4444445 0 0.3333333 0 0.6666667 0 0.6666667 0 0.5555556 0 0.8888889 0 0.8888889 0 0.7777778 0 0.1111111 1 0.1111111 1 0.2222222 1 0.7777778 1 0.7777778 1 0.8888889 1 0.5555556 1 0.5555556 1 0.6666667 1 0.3333334 1 0.3333334 1 0.4444445 1 0.4444445 1 0.4444445 1 0.3333334 1 0.1111111 0 0.1111111 0 0.1111111 0 0.2222222 1 0.2222222 1 0.1111111 1 0.4444445 0 0.4444445 0 0.4444445 0 0.1111111 1 0.1111111 1 0.1111111 1 0.3333333 0 0.3333333 0 0.3333333 0 0.2222222 1 0.2222222 1 0.2222222 1 0.6666667 0 0.6666667 0 0.6666667 0 0.7777778 1 0.7777778 1 0.7777778 1 0.5555556 0 0.5555556 0 0.5555556 0 0.7777778 0 0.7777778 0 0.8888889 0 0.8888889 1 0.8888889 1 0.8888889 1 0.8888889 0 0.8888889 0 0.8888889 0 0.3333333 0 0.3333333 0 0.3333333 0 0.5555556 1 0.5555556 1 0.5555556 1 0.7777778 0 0.7777778 0 0.7777778 0 0.5555556 0 0.5555556 0 0.6666667 0 0.6666667 1 0.6666667 1 0.6666667 1 0.7777778 1 0.7777778 1 0.8888889 1 0.2222222 0 0.2222222 0 0.2222222 0 0.3333334 1 0.3333334 1 0.3333334 1 0.5555556 1 0.5555556 1 0.6666667 1 0.3333333 0 0.3333333 0 0.4444445 0 0.4444445 1 0.4444445 1 0.4444445 1 0.8888889 0 0.8888889 0 0.7777778 0 0.6666667 0 0.6666667 0 0.5555556 0 0.2222222 0 0.2222222 0 0.1111111 0 0.4444445 0 0.4444445 0 0.3333333 0 0.2222222 0 0.2222222 0 0.1111111 0 0.6666667 0 0.6666667 0 0.6666667 0 0.1111111 0 0.1111111 0 0.1111111 0 0.5555556 0 0.5555556 0 0.6666667 0 0.8888889 0 0.8888889 0 0.8888889 0 0.5555556 0 0.5555556 0 0.5555556 0 0.4444445 0 0.4444445 0 0.3333333 0 0.7777778 0 0.7777778 0 0.7777778 0 0.7777778 0 0.7777778 0 0.8888889 0 0.6666667 0 0.6666667 0 0.5555556 0 0.1111111 0 0.1111111 0 0.2222222 0 0.4444445 0 0.4444445 0 0.4444445 0 0.1111111 0.06666666 0.1111111 0.1333333 0 0.1333333 0 0.7333334 0 0.7333334 0 0.6666667 0 0.06666666 0 0.06666666 0 0.06666666 0 0.5333334 0 0.5333334 0 0.5333334 0 0.4666667 0 0.4666667 0 0.5333334 0 0.9333333 0 0.9333333 0 0.9333333 0 0.1333333 0 0.1333333 0.1111111 0.1333333 0 0.7333334 0 0.7333334 0 0.7333334 0 0.9333333 0 0.9333333 0 0.8666667 0 0.4666667 0 0.4666667 0 0.4666667 0 0.06666666 0 0.06666666 0 0.1333333 0 0.2666667 0 0.2666667 0 0.3333333 0 0.5333334 0 0.5333334 0 0.5333334 0 0.2666667 0 0.2666667 0 0.2666667 0.1111111 0.06666666 0.1111111 0.06666666 0 0.06666666 0 0.7333334 0 0.7333334 0 0.6666667 0 0.6666667 0 0.6666667 0 0.7333334 0 0.3333333 0 0.3333333 0 0.3333333 0 0.3333333 0 0.3333333 0 0.2666667 0 0.8666667 0 0.8666667 0 0.8666667 0 0.3333333 0 0.3333333 0 0.2666667 0 0.7333334 0 0.7333334 0 0.7333334 0 0.1333333 0 0.1333333 0 0.06666666 0 0.2666667 0 0.2666667 0 0.2666667 0 0.6666667 0 0.6666667 0 0.6666667 0 0.2666667 0 0.2666667 0 0.2666667 0 0.1333333 0 0.1333333 0 0.1333333 0 0.3333333 0 0.3333333 0 0.3333333 0 0.8666667 0 0.8666667 0 0.8666667 0 0.1333333 0 0.1333333 0 0.06666666 0 0.9333333 0 0.9333333 0 0.9333333 0 0.6666667 0 0.6666667 0 0.6666667 0 0.3333333 0 0.3333333 0 0.2666667 0 0.8666667 0 0.8666667 0 0.9333333 0 0.7333334 0 0.7333334 0 0.7333334 0 0.5333334 0 0.5333334 0 0.4666667 0 0.06666666 0 0.06666666 0 0.1333333 0 0.6666667 0 0.6666667 0 0.7333334 0 0.4666667 0 0.4666667 0 0.4666667 0 0.9333333 0 0.9333333 0 0.8666667 0 0.06666666 0 0.06666666 0 0.1333333 0 0.8666667 0 0.8666667 0 0.9333333 0 0.6666667 0 0.6666667 0 0.7333334 0 0.4666667 0 0.4666667 0 0.5333334 0 0.2666667 0 0.2666667 0 0.3333333 0 0.1333333 0 0.1333333 0 0.06666666 0 0.4666667 0 0.4666667 0 0.4666667 0 0.5333334 0 0.5333334 0 0.4666667 0 0.06666666 0 0.06666666 0 0.06666666 0 0.5333334 0 0.5333334 0 0.5333334 0 0.9333333 0 0.9333333 0 0.8666667 0 0.1333333 0 0.1333333 0 0.1333333 0 0.2666667 0 0.2666667 0 0.2666667 0 0.7333334 0 0.7333334 0 0.6666667 0 0.3333333 0 0.3333333 0 0.2666667 0 0.3333333 0 0.3333333 0 0.3333333 0 0.8666667 0 0.8666667 0 0.8666667 0 0.6666667 0 0.6666667 0 0.6666667 0 0.9333333 0 0.9333333 0 0.9333333 0 0.5333334 0 0.5333334 0 0.4666667 0 0.06666666 0 0.06666666 0 0.1333333 0 0.2666667 0 0.2666667 0 0.3333333 0 0.8666667 0 0.8666667 0 0.9333333 0 0.6666667 0 0.6666667 0 0.7333334 0 0.4666667 0 0.4666667 0 0.5333334 0 0.3333333 0 0.3333333 0 0.3333333 0 0.8666667 0 0.8666667 0 0.8666667 0 0.8666667 0 0.8666667 0 0.9333333 0 0.06666666 0 0.06666666 0 0.06666666 0 0.9333333 0 0.9333333 0 0.9333333 0 0.6666667 0 0.6666667 0 0.7333334 0 0.1333333 0 0.1333333 0 0.1333333 0 0.4666667 0 0.4666667 0 0.5333334 0 0.4666667 0 0.4666667 0 0.4666667 0 0.7333334 0 0.7333334 0 0.7333334 0 0.2666667 0 0.2666667 0 0.3333333 0 0.9333333 0 0.9333333 0 0.8666667 0 0.06666666 0 0.06666666 0 0.1333333 0 0.7333334 0 0.7333334 0 0.6666667 0 0.5333334 0 0.5333334 0 0.5333334 1 0.6666666 1 0.6666666 1 0.7333333 1 0.9333333 1 0.9333333 1 0.9333333 1 0.8666666 1 0.8666666 1 0.9333333 1 0.06666666 1 0.06666666 1 0.06666666 1 0.6666666 1 0.6666666 1 0.6666666 1 0.6666666 1 0.6666666 1 0.6666666 1 0.06666666 1 0.06666666 1 0.1333333 1 0.1333333 1 0.1333333 1 0.06666666 1 0.6666666 1 0.6666666 1 0.7333333 1 0.9333333 1 0.9333333 1 0.9333333 1 0.7333333 1 0.7333333 1 0.6666666 1 0.5333333 1 0.5333333 1 0.5333333 1 0.3333333 1 0.3333333 1 0.2666667 1 0.1333333 1 0.1333333 1 0.1333333 1 0.4666666 1 0.4666666 1 0.5333333 1 0.8666666 1 0.8666666 1 0.8666666 1 0.9333333 1 0.9333333 1 0.8666666 1 0.3333333 1 0.3333333 1 0.3333333 1 0.2666667 1 0.2666667 1 0.3333333 1 0.8666666 1 0.8666666 1 0.9333333 1 0.1333333 1 0.1333333 1 0.06666666 1 0.3333333 1 0.3333333 1 0.2666667 1 0.5333333 1 0.5333333 1 0.4666666 1 0.7333333 1 0.7333333 1 0.6666666 1 0.9333333 1 0.9333333 1 0.8666666 1 0.5333333 1 0.5333333 1 0.5333333 1 0.4666666 1 0.4666666 1 0.5333333 1 0.9333333 1 0.9333333 1 0.9333333 1 0.1333333 1 0.1333333 1 0.1333333 1 0.2666667 1 0.2666667 1 0.3333333 1 0.6666666 1 0.6666666 1 0.7333333 1 0.3333333 1 0.3333333 1 0.3333333 1 0.06666666 1 0.06666666 1 0.1333333 1 0.4666666 1 0.4666666 1 0.5333333 1 0.2666667 1 0.2666667 1 0.2666667 1 0.8666666 1 0.8666666 1 0.8666666 1 0.7333333 1 0.7333333 1 0.7333333 1 0.7333333 1 0.7333333 1 0.7333333 1 0.4666666 1 0.4666666 1 0.4666666 1 0.1333333 1 0.1333333 1 0.1333333 1 0.1333333 1 0.1333333 1 0.06666666 1 0.4666666 1 0.4666666 1 0.5333333 1 0.1333333 1 0.1333333 1 0.1333333 1 0.2666667 1 0.2666667 1 0.3333333 1 0.5333333 1 0.5333333 1 0.5333333 1 0.8666666 1 0.8666666 1 0.9333333 1 0.1333333 1 0.1333333 1 0.06666666 1 0.6666666 1 0.6666666 1 0.6666666 1 0.3333333 1 0.3333333 1 0.3333333 1 0.3333333 1 0.3333333 1 0.2666667 1 0.2666667 1 0.2666667 1 0.2666667 1 0.5333333 1 0.5333333 1 0.4666666 1 0.5333333 1 0.5333333 1 0.5333333 1 0.06666666 1 0.06666666 1 0.06666666 1 0.4666666 1 0.4666666 1 0.4666666 1 0.7333333 1 0.7333333 1 0.6666666 1 0.06666666 1 0.06666666 1 0.1333333 1 0.8666666 1 0.8666666 1 0.8666666 1 0.9333333 1 0.9333333 1 0.8666666 1 0.2666667 1 0.2666667 1 0.3333333 1 0.1333333 1 0.1333333 1 0.06666666 1 0.3333333 1 0.3333333 1 0.2666667 1 0.5333333 1 0.5333333 1 0.4666666 1 0.7333333 1 0.7333333 1 0.6666666 1 0.9333333 1 0.9333333 1 0.8666666 1 0.3333333 1 0.3333333 1 0.3333333 1 0.6666666 1 0.6666666 1 0.7333333 1 0.3333333 1 0.3333333 1 0.2666667 1 0.2666667 1 0.2666667 1 0.2666667 1 0.8666666 1 0.8666666 1 0.9333333 1 0.5333333 1 0.5333333 1 0.4666666 1 0.4666666 1 0.4666666 1 0.4666666 1 0.6666666 1 0.6666666 1 0.6666666 1 0.7333333 1 0.7333333 1 0.6666666 1 0.8666666 1 0.8666666 1 0.8666666 1 0.06666666 1 0.06666666 1 0.06666666 1 0.9333333 1 0.9333333 1 0.8666666 1 0.7333333 1 0.7333333 1 0.7333333 1 0.9333333 1 0.9333333 1 0.9333333 1 0.06666666 1 0.06666666 1 0.1333333</float_array>
          <technique_common>
            <accessor source="#Plane-mesh-map-0-array" count="3828" stride="2">
              <param name="S" type="float"/>
              <param name="T" type="float"/>
            </accessor>
          </technique_common>
        </source>
        <vertices id="Plane-mesh-vertices">
          <input semantic="POSITION" source="#Plane-mesh-positions"/>
        </vertices>
        <triangles count="1276">
          <input semantic="VERTEX" source="#Plane-mesh-vertices" offset="0"/>
          <input semantic="NORMAL" source="#Plane-mesh-normals" offset="1"/>
          <input semantic="TEXCOORD" source="#Plane-mesh-map-0" offset="2" set="0"/>
          <p>171 0 0 236 0 1 237 0 2 230 1 3 239 1 4 231 1 5 56 2 6 18 2 7 48 2 8 232 1 9 241 1 10 233 1 11 234 1 12 243 1 13 235 1 14 80 2 15 21 2 16 72 2 17 237 3 18 244 3 19 172 3 20 239 3 21 245 3 22 246 3 23 96 2 24 25 2 25 24 2 26 240 4 27 246 4 28 247 4 29 241 4 30 247 4 31 248 4 32 128 2 33 27 2 34 120 2 35 241 1 36 249 1 37 242 1 38 242 1 39 250 1 40 243 1 41 152 2 42 30 2 43 144 2 44 4 2 45 151 2 46 5 2 47 159 2 48 150 2 49 151 2 50 158 2 51 149 2 52 150 2 53 157 2 54 148 2 55 149 2 56 156 2 57 147 2 58 148 2 59 155 2 60 146 2 61 147 2 62 154 2 63 145 2 64 146 2 65 153 2 66 144 2 67 145 2 68 244 3 69 250 3 70 251 3 71 143 2 72 150 2 73 142 2 74 172 3 75 251 3 76 173 3 77 149 2 78 140 2 79 141 2 80 160 1 81 223 1 82 216 1 83 147 2 84 138 2 85 139 2 86 172 1 87 15 1 88 12 1 89 145 2 90 136 2 91 137 2 92 245 5 93 253 5 94 246 5 95 135 2 96 142 2 97 134 2 98 248 1 99 254 1 100 255 1 101 141 2 102 132 2 103 133 2 104 1 1 105 201 1 106 194 1 107 139 2 108 130 2 109 131 2 110 249 1 111 257 1 112 250 1 113 137 2 114 128 2 115 129 2 116 7 2 117 127 2 118 8 2 119 127 2 120 134 2 121 126 2 122 126 2 123 133 2 124 125 2 125 133 2 126 124 2 127 125 2 128 132 2 129 123 2 130 124 2 131 131 2 132 122 2 133 123 2 134 130 2 135 121 2 136 122 2 137 129 2 138 120 2 139 121 2 140 251 6 141 259 6 142 173 6 143 119 2 144 126 2 145 118 2 146 252 1 147 261 1 148 253 1 149 117 2 150 124 2 151 116 2 152 254 1 153 263 1 154 255 1 155 123 2 156 114 2 157 115 2 158 257 1 159 264 1 160 265 1 161 121 2 162 112 2 163 113 2 164 259 7 165 266 7 166 174 7 167 119 2 168 110 2 169 111 2 170 260 1 171 268 1 172 261 1 173 117 2 174 108 2 175 109 2 176 261 1 177 269 1 178 262 1 179 107 2 180 114 2 181 106 2 182 262 1 183 270 1 184 263 1 185 113 2 186 104 2 187 105 2 188 10 2 189 103 2 190 11 2 191 103 2 192 110 2 193 102 2 194 102 2 195 109 2 196 101 2 197 109 2 198 100 2 199 101 2 200 108 2 201 99 2 202 100 2 203 99 2 204 106 2 205 98 2 206 98 2 207 105 2 208 97 2 209 97 2 210 104 2 211 96 2 212 263 1 213 271 1 214 264 1 215 95 2 216 102 2 217 94 2 218 264 1 219 272 1 220 265 1 221 101 2 222 92 2 223 93 2 224 266 8 225 272 8 226 273 8 227 99 2 228 90 2 229 91 2 230 174 8 231 273 8 232 175 8 233 97 2 234 88 2 235 89 2 236 174 1 237 23 1 238 20 1 239 87 2 240 94 2 241 86 2 242 267 1 243 275 1 244 268 1 245 93 2 246 84 2 247 85 2 248 269 1 249 277 1 250 270 1 251 83 2 252 90 2 253 82 2 254 271 1 255 279 1 256 272 1 257 89 2 258 80 2 259 81 2 260 13 2 261 79 2 262 14 2 263 79 2 264 86 2 265 78 2 266 78 2 267 85 2 268 77 2 269 85 2 270 76 2 271 77 2 272 84 2 273 75 2 274 76 2 275 83 2 276 74 2 277 75 2 278 82 2 279 73 2 280 74 2 281 81 2 282 72 2 283 73 2 284 175 9 285 280 9 286 281 9 287 71 2 288 78 2 289 70 2 290 274 1 291 283 1 292 275 1 293 77 2 294 68 2 295 69 2 296 276 1 297 285 1 298 277 1 299 75 2 300 66 2 301 67 2 302 278 1 303 287 1 304 279 1 305 73 2 306 64 2 307 65 2 308 281 1 309 288 1 310 176 1 311 71 2 312 62 2 313 63 2 314 282 1 315 290 1 316 283 1 317 69 2 318 60 2 319 61 2 320 283 1 321 291 1 322 284 1 323 67 2 324 58 2 325 59 2 326 284 1 327 292 1 328 285 1 329 65 2 330 56 2 331 57 2 332 16 2 333 55 2 334 17 2 335 63 2 336 54 2 337 55 2 338 62 2 339 53 2 340 54 2 341 61 2 342 52 2 343 53 2 344 60 2 345 51 2 346 52 2 347 59 2 348 50 2 349 51 2 350 58 2 351 49 2 352 50 2 353 57 2 354 48 2 355 49 2 356 285 1 357 293 1 358 286 1 359 55 2 360 33 2 361 32 2 362 286 1 363 294 1 364 287 1 365 34 2 366 52 2 367 35 2 368 287 1 369 295 1 370 288 1 371 36 2 372 50 2 373 37 2 374 288 1 375 177 1 376 176 1 377 49 2 378 39 2 379 38 2 380 176 1 381 29 1 382 26 1 383 47 2 384 158 2 385 159 2 386 166 1 387 289 1 388 282 1 389 45 2 390 156 2 391 157 2 392 164 1 393 267 1 394 260 1 395 43 2 396 154 2 397 155 2 398 238 10 399 163 10 400 245 10 401 41 2 402 152 2 403 153 2 404 227 1 405 235 1 406 228 1 407 226 11 408 232 11 409 233 11 410 223 1 411 231 1 412 224 1 413 170 1 414 9 1 415 6 1 416 170 12 417 229 12 418 171 12 419 222 8 420 228 8 421 229 8 422 220 1 423 228 1 424 221 1 425 219 1 426 227 1 427 220 1 428 218 1 429 226 1 430 219 1 431 217 1 432 225 1 433 218 1 434 216 1 435 224 1 436 217 1 437 215 7 438 222 7 439 170 7 440 212 1 441 221 1 442 213 1 443 210 1 444 219 1 445 211 1 446 208 1 447 217 1 448 209 1 449 207 1 450 215 1 451 169 1 452 205 1 453 213 1 454 206 1 455 203 1 456 211 1 457 204 1 458 201 1 459 209 1 460 202 1 461 169 1 462 466 1 463 168 1 464 200 1 465 169 1 466 168 1 467 199 1 468 207 1 469 200 1 470 198 1 471 206 1 472 199 1 473 197 1 474 205 1 475 198 1 476 196 1 477 204 1 478 197 1 479 195 1 480 203 1 481 196 1 482 194 1 483 202 1 484 195 1 485 179 1 486 168 1 487 178 1 488 180 1 489 198 1 490 199 1 491 182 1 492 196 1 493 197 1 494 185 1 495 195 1 496 184 1 497 295 1 498 193 1 499 177 1 500 293 1 501 191 1 502 294 1 503 291 1 504 189 1 505 292 1 506 289 1 507 187 1 508 290 1 509 132 13 510 270 13 511 131 13 512 151 14 513 26 14 514 5 14 515 82 13 516 224 13 517 81 13 518 4 13 519 177 13 520 159 13 521 134 15 522 272 15 523 133 15 524 84 13 525 226 13 526 83 13 527 38 1 528 344 1 529 184 1 530 71 16 531 170 16 532 79 16 533 86 15 534 228 15 535 85 15 536 337 1 537 361 1 538 329 1 539 78 17 540 214 17 541 70 17 542 69 16 543 221 16 544 77 16 545 39 1 546 358 1 547 38 1 548 76 17 549 212 17 550 68 17 551 119 16 552 174 16 553 127 16 554 67 16 555 219 16 556 75 16 557 126 17 558 258 17 559 118 17 560 185 1 561 359 1 562 39 1 563 74 17 564 210 17 565 66 17 566 117 16 567 265 16 568 125 16 569 65 16 570 217 16 571 73 16 572 124 17 573 256 17 574 116 17 575 191 16 576 309 16 577 45 16 578 30 14 579 282 14 580 144 14 581 72 17 582 208 17 583 64 17 584 115 16 585 263 16 586 123 16 587 63 16 588 215 16 589 71 16 590 5 1 591 456 1 592 4 1 593 122 17 594 254 17 595 114 17 596 45 2 597 308 2 598 44 2 599 145 14 600 284 14 601 146 14 602 70 17 603 207 17 604 62 17 605 113 16 606 261 16 607 121 16 608 61 16 609 213 16 610 69 16 611 24 18 612 238 18 613 96 18 614 120 17 615 252 17 616 112 17 617 187 16 618 305 16 619 41 16 620 147 14 621 286 14 622 148 14 623 68 17 624 205 17 625 60 17 626 20 1 627 459 1 628 8 1 629 111 16 630 259 16 631 119 16 632 59 16 633 211 16 634 67 16 635 97 19 636 240 19 637 98 19 638 118 17 639 251 17 640 110 17 641 186 1 642 303 1 643 187 1 644 149 14 645 288 14 646 150 14 647 66 17 648 203 17 649 58 17 650 109 16 651 257 16 652 117 16 653 18 14 654 194 14 655 48 14 656 57 16 657 209 16 658 65 16 659 15 1 660 471 1 661 12 1 662 99 14 663 242 14 664 100 14 665 116 17 666 249 17 667 108 17 668 152 13 669 167 13 670 31 13 671 64 17 672 201 17 673 56 17 674 107 16 675 255 16 676 115 16 677 49 14 678 196 14 679 50 14 680 101 20 681 244 20 682 102 20 683 114 17 684 247 17 685 106 17 686 154 13 687 290 13 688 153 13 689 11 1 690 460 1 691 10 1 692 105 16 693 253 16 694 113 16 695 51 14 696 198 14 697 52 14 698 104 21 699 163 21 700 25 21 701 112 17 702 245 17 703 104 17 704 156 13 705 292 13 706 155 13 707 53 14 708 200 14 709 54 14 710 463 22 711 486 22 712 462 22 713 106 23 714 246 23 715 105 23 716 158 13 717 294 13 718 157 13 719 56 13 720 0 13 721 19 13 722 24 14 723 550 14 724 162 14 725 108 13 726 248 13 727 107 13 728 58 13 729 202 13 730 57 13 731 32 16 732 168 16 733 55 16 734 110 21 735 250 21 736 109 21 737 54 17 738 179 17 739 33 17 740 18 14 741 554 14 742 1 14 743 60 13 744 204 13 745 59 13 746 34 16 747 199 16 748 53 16 749 52 24 750 181 24 751 35 24 752 95 16 753 172 16 754 103 16 755 62 13 756 206 13 757 61 13 758 36 25 759 197 25 760 51 25 761 21 14 762 552 14 763 160 14 764 102 17 765 236 17 766 94 17 767 50 17 768 183 17 769 37 17 770 93 16 771 243 16 772 101 16 773 38 16 774 195 16 775 49 16 776 100 17 777 234 17 778 92 17 779 143 16 780 176 16 781 151 16 782 48 17 783 185 17 784 39 17 785 25 26 786 540 26 787 24 26 788 91 16 789 241 16 790 99 16 791 150 17 792 280 17 793 142 17 794 159 16 795 193 16 796 47 16 797 98 17 798 232 17 799 90 17 800 141 16 801 287 16 802 149 16 803 46 17 804 295 17 805 158 17 806 89 16 807 239 16 808 97 16 809 148 17 810 278 17 811 140 17 812 157 16 813 191 16 814 45 16 815 165 13 816 543 13 817 28 13 818 27 14 819 260 14 820 120 14 821 96 17 822 230 17 823 88 17 824 139 16 825 285 16 826 147 16 827 44 17 828 293 17 829 156 17 830 55 14 831 2 14 832 17 14 833 87 16 834 237 16 835 95 16 836 146 17 837 276 17 838 138 17 839 155 16 840 189 16 841 43 16 842 16 13 843 169 13 844 63 13 845 121 14 846 262 14 847 122 14 848 94 17 849 229 17 850 86 17 851 137 16 852 283 16 853 145 16 854 42 17 855 291 17 856 154 17 857 85 16 858 235 16 859 93 16 860 21 14 861 216 14 862 72 14 863 144 17 864 274 17 865 136 17 866 153 16 867 187 16 868 41 16 869 79 14 870 6 14 871 14 14 872 123 14 873 264 14 874 124 14 875 92 17 876 227 17 877 84 17 878 135 16 879 281 16 880 143 16 881 40 17 882 289 17 883 152 17 884 13 13 885 171 13 886 87 13 887 83 16 888 233 16 889 91 16 890 73 14 891 218 14 892 74 14 893 142 17 894 273 17 895 134 17 896 125 27 897 266 27 898 126 27 899 90 17 900 225 17 901 82 17 902 133 16 903 279 16 904 141 16 905 103 14 906 12 14 907 11 14 908 81 16 909 231 16 910 89 16 911 75 14 912 220 14 913 76 14 914 140 17 915 271 17 916 132 17 917 10 13 918 173 13 919 111 13 920 128 13 921 165 13 922 28 13 923 88 17 924 223 17 925 80 17 926 131 16 927 277 16 928 139 16 929 77 27 930 222 27 931 78 27 932 138 17 933 269 17 934 130 17 935 127 14 936 20 14 937 8 14 938 130 13 939 268 13 940 129 13 941 129 16 942 275 16 943 137 16 944 7 13 945 175 13 946 135 13 947 80 13 948 161 13 949 22 13 950 136 17 951 267 17 952 128 17 953 310 17 954 312 17 955 296 17 956 296 1 957 313 1 958 297 1 959 323 16 960 331 16 961 307 16 962 297 16 963 327 16 964 311 16 965 190 1 966 299 1 967 191 1 968 40 17 969 302 17 970 186 17 971 44 17 972 298 17 973 190 17 974 47 2 975 310 2 976 46 2 977 189 16 978 307 16 979 43 16 980 188 1 981 301 1 982 189 1 983 41 2 984 304 2 985 40 2 986 42 17 987 300 17 988 188 17 989 192 1 990 297 1 991 193 1 992 193 16 993 311 16 994 47 16 995 43 2 996 306 2 997 42 2 998 46 17 999 296 17 1000 192 17 1001 321 13 1002 318 13 1003 320 13 1004 323 13 1005 316 13 1006 322 13 1007 325 13 1008 314 13 1009 324 13 1010 327 13 1011 312 13 1012 326 13 1013 303 16 1014 321 16 1015 305 16 1016 298 1 1017 315 1 1018 299 1 1019 304 17 1020 318 17 1021 302 17 1022 300 1 1023 317 1 1024 301 1 1025 301 16 1026 323 16 1027 307 16 1028 302 1 1029 319 1 1030 303 1 1031 306 17 1032 316 17 1033 300 17 1034 322 13 1035 339 13 1036 323 13 1037 299 16 1038 325 16 1039 309 16 1040 311 14 1041 334 14 1042 310 14 1043 308 17 1044 314 17 1045 298 17 1046 320 13 1047 337 13 1048 321 13 1049 334 1 1050 374 1 1051 342 1 1052 178 1 1053 357 1 1054 179 1 1055 34 1 1056 352 1 1057 180 1 1058 343 1 1059 367 1 1060 335 1 1061 324 13 1062 341 13 1063 325 13 1064 321 16 1065 329 16 1066 305 16 1067 306 17 1068 338 17 1069 322 17 1070 326 13 1071 343 13 1072 327 13 1073 325 16 1074 333 16 1075 309 16 1076 308 17 1077 340 17 1078 324 17 1079 305 14 1080 328 14 1081 304 14 1082 304 17 1083 336 17 1084 320 17 1085 327 16 1086 335 16 1087 311 16 1088 307 14 1089 330 14 1090 306 14 1091 310 17 1092 342 17 1093 326 17 1094 309 14 1095 332 14 1096 308 14 1097 352 1 1098 385 1 1099 353 1 1100 363 1 1101 394 1 1102 362 1 1103 365 17 1104 405 17 1105 397 17 1106 351 2 1107 382 2 1108 350 2 1109 361 1 1110 392 1 1111 360 1 1112 362 1 1113 402 1 1114 370 1 1115 348 1 1116 381 1 1117 349 1 1118 358 16 1119 376 16 1120 344 16 1121 328 1 1122 368 1 1123 336 1 1124 339 1 1125 363 1 1126 331 1 1127 330 1 1128 370 1 1129 338 1 1130 183 1 1131 355 1 1132 37 1 1133 329 1 1134 360 1 1135 328 1 1136 341 1 1137 365 1 1138 333 1 1139 36 1 1140 348 1 1141 182 1 1142 331 1 1143 362 1 1144 330 1 1145 179 1 1146 347 1 1147 33 1 1148 332 1 1149 372 1 1150 340 1 1151 32 1 1152 356 1 1153 178 1 1154 333 1 1155 364 1 1156 332 1 1157 184 1 1158 345 1 1159 185 1 1160 335 1 1161 366 1 1162 334 1 1163 33 1 1164 346 1 1165 32 1 1166 336 1 1167 369 1 1168 337 1 1169 182 1 1170 349 1 1171 183 1 1172 338 1 1173 371 1 1174 339 1 1175 35 1 1176 350 1 1177 34 1 1178 340 1 1179 373 1 1180 341 1 1181 180 1 1182 353 1 1183 181 1 1184 342 1 1185 375 1 1186 343 1 1187 181 1 1188 351 1 1189 35 1 1190 37 1 1191 354 1 1192 36 1 1193 389 17 1194 411 17 1195 379 17 1196 402 2 1197 435 2 1198 403 2 1199 414 14 1200 451 14 1201 415 14 1202 400 2 1203 433 2 1204 401 2 1205 388 1 1206 421 1 1207 389 1 1208 399 1 1209 430 1 1210 398 1 1211 391 13 1212 446 13 1213 390 13 1214 397 1 1215 428 1 1216 396 1 1217 364 1 1218 404 1 1219 372 1 1220 365 1 1221 396 1 1222 364 1 1223 355 2 1224 386 2 1225 354 2 1226 367 1 1227 398 1 1228 366 1 1229 356 1 1230 389 1 1231 357 1 1232 368 2 1233 401 2 1234 369 2 1235 359 2 1236 390 2 1237 358 2 1238 370 2 1239 403 2 1240 371 2 1241 357 17 1242 379 17 1243 347 17 1244 372 2 1245 405 2 1246 373 2 1247 346 16 1248 388 16 1249 356 16 1250 374 2 1251 407 2 1252 375 2 1253 353 17 1254 383 17 1255 351 17 1256 367 17 1257 407 17 1258 399 17 1259 350 16 1260 384 16 1261 352 16 1262 366 1 1263 406 1 1264 374 1 1265 349 17 1266 387 17 1267 355 17 1268 361 17 1269 401 17 1270 393 17 1271 354 16 1272 380 16 1273 348 16 1274 344 1 1275 377 1 1276 345 1 1277 360 1 1278 400 1 1279 368 1 1280 345 17 1281 391 17 1282 359 17 1283 347 2 1284 378 2 1285 346 2 1286 363 17 1287 403 17 1288 395 17 1289 411 14 1290 420 14 1291 410 14 1292 415 14 1293 416 14 1294 414 14 1295 419 14 1296 412 14 1297 418 14 1298 423 14 1299 408 14 1300 422 14 1301 431 2 1302 438 2 1303 430 2 1304 425 2 1305 432 2 1306 424 2 1307 427 2 1308 434 2 1309 426 2 1310 429 2 1311 436 2 1312 428 2 1313 404 2 1314 437 2 1315 405 2 1316 378 16 1317 420 16 1318 388 16 1319 406 2 1320 439 2 1321 407 2 1322 385 17 1323 415 17 1324 383 17 1325 399 1 1326 439 1 1327 431 1 1328 382 16 1329 416 16 1330 384 16 1331 398 1 1332 438 1 1333 406 1 1334 381 17 1335 419 17 1336 387 17 1337 393 1 1338 433 1 1339 425 1 1340 386 16 1341 412 16 1342 380 16 1343 376 1 1344 409 1 1345 377 1 1346 392 1 1347 432 1 1348 400 1 1349 377 17 1350 423 17 1351 391 17 1352 382 16 1353 450 16 1354 414 16 1355 395 1 1356 435 1 1357 427 1 1358 390 16 1359 408 16 1360 376 16 1361 380 1 1362 413 1 1363 381 1 1364 394 1 1365 434 1 1366 402 1 1367 393 1 1368 424 1 1369 392 1 1370 411 17 1371 441 17 1372 379 17 1373 397 1 1374 437 1 1375 429 1 1376 395 1 1377 426 1 1378 394 1 1379 384 1 1380 417 1 1381 385 1 1382 396 1 1383 436 1 1384 404 1 1385 447 2 1386 454 2 1387 446 2 1388 445 2 1389 452 2 1390 444 2 1391 441 2 1392 448 2 1393 440 2 1394 443 2 1395 450 2 1396 442 2 1397 379 13 1398 440 13 1399 378 13 1400 419 17 1401 445 17 1402 387 17 1403 378 16 1404 448 16 1405 410 16 1406 418 14 1407 453 14 1408 419 14 1409 423 17 1410 447 17 1411 391 17 1412 386 16 1413 452 16 1414 418 16 1415 383 13 1416 442 13 1417 382 13 1418 390 16 1419 454 16 1420 422 16 1421 422 14 1422 455 14 1423 423 14 1424 387 13 1425 444 13 1426 386 13 1427 410 14 1428 449 14 1429 411 14 1430 415 17 1431 443 17 1432 383 17 1433 466 1 1434 465 1 1435 467 1 1436 474 1 1437 495 1 1438 475 1 1439 2 14 1440 477 14 1441 17 14 1442 470 13 1443 484 13 1444 490 13 1445 461 28 1446 484 28 1447 460 28 1448 4 1 1449 472 1 1450 29 1 1451 3 1 1452 464 1 1453 169 1 1454 7 1 1455 474 1 1456 23 1 1457 29 1 1458 473 1 1459 26 1 1460 12 1 1461 461 1 1462 11 1 1463 2 1 1464 465 1 1465 3 1 1466 14 1 1467 462 1 1468 13 1 1469 10 1 1470 470 1 1471 15 1 1472 6 1 1473 463 1 1474 14 1 1475 168 1 1476 467 1 1477 2 1 1478 23 1 1479 475 1 1480 20 1 1481 8 1 1482 458 1 1483 7 1 1484 13 1 1485 468 1 1486 9 1 1487 9 1 1488 469 1 1489 6 1 1490 26 1 1491 457 1 1492 5 1 1493 488 29 1494 509 29 1495 489 29 1496 494 13 1497 502 13 1498 514 13 1499 496 16 1500 527 16 1501 497 16 1502 507 14 1503 525 14 1504 487 14 1505 495 14 1506 503 14 1507 483 14 1508 469 14 1509 487 14 1510 463 14 1511 3 13 1512 476 13 1513 478 13 1514 468 13 1515 486 13 1516 488 13 1517 473 14 1518 481 14 1519 457 14 1520 3 1 1521 479 1 1522 2 1 1523 472 13 1524 480 13 1525 492 13 1526 475 14 1527 483 14 1528 459 14 1529 468 1 1530 489 1 1531 469 1 1532 457 22 1533 480 22 1534 456 22 1535 474 13 1536 482 13 1537 494 13 1538 470 1 1539 491 1 1540 471 1 1541 17 22 1542 476 22 1543 16 22 1544 459 22 1545 482 22 1546 458 22 1547 471 14 1548 485 14 1549 461 14 1550 472 1 1551 493 1 1552 473 1 1553 497 16 1554 498 16 1555 496 16 1556 501 16 1557 512 16 1558 500 16 1559 503 16 1560 514 16 1561 502 16 1562 505 16 1563 510 16 1564 504 16 1565 507 16 1566 508 16 1567 506 16 1568 478 30 1569 499 30 1570 479 30 1571 491 14 1572 505 14 1573 485 14 1574 490 30 1575 511 30 1576 491 30 1577 479 14 1578 497 14 1579 477 14 1580 490 13 1581 504 13 1582 510 13 1583 492 30 1584 513 30 1585 493 30 1586 478 13 1587 496 13 1588 498 13 1589 489 14 1590 507 14 1591 487 14 1592 494 29 1593 515 29 1594 495 29 1595 506 16 1596 535 16 1597 507 16 1598 488 13 1599 506 13 1600 508 13 1601 493 14 1602 501 14 1603 481 14 1604 503 14 1605 521 14 1606 483 14 1607 492 13 1608 500 13 1609 512 13 1610 504 16 1611 533 16 1612 505 16 1613 517 2 1614 526 2 1615 516 2 1616 525 2 1617 534 2 1618 524 2 1619 519 2 1620 528 2 1621 518 2 1622 521 2 1623 530 2 1624 520 2 1625 523 2 1626 532 2 1627 522 2 1628 486 13 1629 534 13 1630 506 13 1631 501 14 1632 519 14 1633 481 14 1634 481 17 1635 518 17 1636 480 17 1637 497 14 1638 517 14 1639 477 14 1640 480 13 1641 528 13 1642 500 13 1643 483 17 1644 520 17 1645 482 17 1646 476 13 1647 526 13 1648 496 13 1649 485 17 1650 522 17 1651 484 17 1652 505 14 1653 523 14 1654 485 14 1655 482 13 1656 530 13 1657 502 13 1658 487 17 1659 524 17 1660 486 17 1661 500 16 1662 529 16 1663 501 16 1664 477 17 1665 516 17 1666 476 17 1667 502 16 1668 531 16 1669 503 16 1670 484 13 1671 532 13 1672 504 13 1673 548 1 1674 569 1 1675 549 1 1676 547 13 1677 565 13 1678 545 13 1679 546 1 1680 567 1 1681 547 1 1682 536 14 1683 574 14 1684 554 14 1685 542 14 1686 568 14 1687 548 14 1688 27 14 1689 548 14 1690 164 14 1691 1 1 1692 555 1 1693 0 1 1694 19 26 1695 536 26 1696 18 26 1697 164 1 1698 549 1 1699 165 1 1700 167 13 1701 545 13 1702 31 13 1703 28 26 1704 542 26 1705 27 26 1706 163 13 1707 541 13 1708 25 13 1709 22 26 1710 538 26 1711 21 26 1712 0 13 1713 537 13 1714 19 13 1715 162 1 1716 551 1 1717 163 1 1718 30 14 1719 546 14 1720 166 14 1721 31 26 1722 544 26 1723 30 26 1724 161 13 1725 539 13 1726 22 13 1727 160 1 1728 553 1 1729 161 1 1730 166 1 1731 547 1 1732 167 1 1733 557 17 1734 574 17 1735 556 17 1736 559 17 1737 572 17 1738 558 17 1739 561 17 1740 570 17 1741 560 17 1742 563 17 1743 568 17 1744 562 17 1745 565 17 1746 566 17 1747 564 17 1748 551 13 1749 561 13 1750 541 13 1751 550 1 1752 571 1 1753 551 1 1754 565 1 1755 585 1 1756 545 1 1757 555 13 1758 557 13 1759 537 13 1760 552 1 1761 573 1 1762 553 1 1763 562 1 1764 593 1 1765 563 1 1766 553 13 1767 559 13 1768 539 13 1769 554 1 1770 575 1 1771 555 1 1772 560 1 1773 591 1 1774 561 1 1775 538 14 1776 572 14 1777 552 14 1778 544 14 1779 566 14 1780 546 14 1781 563 1 1782 583 1 1783 543 1 1784 549 13 1785 563 13 1786 543 13 1787 540 14 1788 570 14 1789 550 14 1790 557 1 1791 577 1 1792 537 1 1793 577 16 1794 596 16 1795 576 16 1796 590 17 1797 611 17 1798 591 17 1799 587 13 1800 597 13 1801 577 13 1802 588 17 1803 609 17 1804 589 17 1805 591 13 1806 601 13 1807 581 13 1808 564 1 1809 595 1 1810 565 1 1811 537 1 1812 576 1 1813 536 1 1814 542 1 1815 592 1 1816 562 1 1817 559 1 1818 579 1 1819 539 1 1820 539 1 1821 578 1 1822 538 1 1823 538 1 1824 588 1 1825 558 1 1826 541 1 1827 580 1 1828 540 1 1829 561 1 1830 581 1 1831 541 1 1832 536 1 1833 586 1 1834 556 1 1835 540 1 1836 590 1 1837 560 1 1838 543 1 1839 582 1 1840 542 1 1841 556 1 1842 587 1 1843 557 1 1844 544 1 1845 594 1 1846 564 1 1847 545 1 1848 584 1 1849 544 1 1850 558 1 1851 589 1 1852 559 1 1853 597 2 1854 606 2 1855 596 2 1856 599 2 1857 608 2 1858 598 2 1859 601 2 1860 610 2 1861 600 2 1862 603 2 1863 612 2 1864 602 2 1865 605 2 1866 614 2 1867 604 2 1868 589 13 1869 599 13 1870 579 13 1871 592 17 1872 613 17 1873 593 17 1874 579 16 1875 598 16 1876 578 16 1877 578 14 1878 608 14 1879 588 14 1880 594 17 1881 615 17 1882 595 17 1883 581 16 1884 600 16 1885 580 16 1886 580 14 1887 610 14 1888 590 14 1889 582 14 1890 612 14 1891 592 14 1892 583 16 1893 602 16 1894 582 16 1895 584 14 1896 614 14 1897 594 14 1898 576 14 1899 606 14 1900 586 14 1901 585 16 1902 604 16 1903 584 16 1904 593 13 1905 603 13 1906 583 13 1907 595 13 1908 605 13 1909 585 13 1910 586 17 1911 607 17 1912 587 17 1913 171 1 1914 229 1 1915 236 1 1916 230 31 1917 238 31 1918 239 31 1919 56 2 1920 19 2 1921 18 2 1922 232 32 1923 240 32 1924 241 32 1925 234 1 1926 242 1 1927 243 1 1928 80 2 1929 22 2 1930 21 2 1931 237 33 1932 236 33 1933 244 33 1934 239 34 1935 238 34 1936 245 34 1937 96 2 1938 104 2 1939 25 2 1940 240 35 1941 239 35 1942 246 35 1943 241 35 1944 240 35 1945 247 35 1946 128 2 1947 28 2 1948 27 2 1949 241 1 1950 248 1 1951 249 1 1952 242 1 1953 249 1 1954 250 1 1955 152 2 1956 31 2 1957 30 2 1958 4 2 1959 159 2 1960 151 2 1961 159 2 1962 158 2 1963 150 2 1964 158 2 1965 157 2 1966 149 2 1967 157 2 1968 156 2 1969 148 2 1970 156 2 1971 155 2 1972 147 2 1973 155 2 1974 154 2 1975 146 2 1976 154 2 1977 153 2 1978 145 2 1979 153 2 1980 152 2 1981 144 2 1982 244 36 1983 243 36 1984 250 36 1985 143 2 1986 151 2 1987 150 2 1988 172 34 1989 244 34 1990 251 34 1991 149 2 1992 148 2 1993 140 2 1994 160 1 1995 161 1 1996 223 1 1997 147 2 1998 146 2 1999 138 2 2000 172 1 2001 173 1 2002 15 1 2003 145 2 2004 144 2 2005 136 2 2006 245 1 2007 252 1 2008 253 1 2009 135 2 2010 143 2 2011 142 2 2012 248 37 2013 247 37 2014 254 37 2015 141 2 2016 140 2 2017 132 2 2018 1 1 2019 0 1 2020 201 1 2021 139 2 2022 138 2 2023 130 2 2024 249 0 2025 256 0 2026 257 0 2027 137 2 2028 136 2 2029 128 2 2030 7 2 2031 135 2 2032 127 2 2033 127 2 2034 135 2 2035 134 2 2036 126 2 2037 134 2 2038 133 2 2039 133 2 2040 132 2 2041 124 2 2042 132 2 2043 131 2 2044 123 2 2045 131 2 2046 130 2 2047 122 2 2048 130 2 2049 129 2 2050 121 2 2051 129 2 2052 128 2 2053 120 2 2054 251 1 2055 258 1 2056 259 1 2057 119 2 2058 127 2 2059 126 2 2060 252 1 2061 260 1 2062 261 1 2063 117 2 2064 125 2 2065 124 2 2066 254 1 2067 262 1 2068 263 1 2069 123 2 2070 122 2 2071 114 2 2072 257 38 2073 256 38 2074 264 38 2075 121 2 2076 120 2 2077 112 2 2078 259 1 2079 258 1 2080 266 1 2081 119 2 2082 118 2 2083 110 2 2084 260 1 2085 267 1 2086 268 1 2087 117 2 2088 116 2 2089 108 2 2090 261 1 2091 268 1 2092 269 1 2093 107 2 2094 115 2 2095 114 2 2096 262 1 2097 269 1 2098 270 1 2099 113 2 2100 112 2 2101 104 2 2102 10 2 2103 111 2 2104 103 2 2105 103 2 2106 111 2 2107 110 2 2108 102 2 2109 110 2 2110 109 2 2111 109 2 2112 108 2 2113 100 2 2114 108 2 2115 107 2 2116 99 2 2117 99 2 2118 107 2 2119 106 2 2120 98 2 2121 106 2 2122 105 2 2123 97 2 2124 105 2 2125 104 2 2126 263 1 2127 270 1 2128 271 1 2129 95 2 2130 103 2 2131 102 2 2132 264 1 2133 271 1 2134 272 1 2135 101 2 2136 100 2 2137 92 2 2138 266 39 2139 265 39 2140 272 39 2141 99 2 2142 98 2 2143 90 2 2144 174 40 2145 266 40 2146 273 40 2147 97 2 2148 96 2 2149 88 2 2150 174 1 2151 175 1 2152 23 1 2153 87 2 2154 95 2 2155 94 2 2156 267 1 2157 274 1 2158 275 1 2159 93 2 2160 92 2 2161 84 2 2162 269 1 2163 276 1 2164 277 1 2165 83 2 2166 91 2 2167 90 2 2168 271 1 2169 278 1 2170 279 1 2171 89 2 2172 88 2 2173 80 2 2174 13 2 2175 87 2 2176 79 2 2177 79 2 2178 87 2 2179 86 2 2180 78 2 2181 86 2 2182 85 2 2183 85 2 2184 84 2 2185 76 2 2186 84 2 2187 83 2 2188 75 2 2189 83 2 2190 82 2 2191 74 2 2192 82 2 2193 81 2 2194 73 2 2195 81 2 2196 80 2 2197 72 2 2198 175 1 2199 273 1 2200 280 1 2201 71 2 2202 79 2 2203 78 2 2204 274 1 2205 282 1 2206 283 1 2207 77 2 2208 76 2 2209 68 2 2210 276 1 2211 284 1 2212 285 1 2213 75 2 2214 74 2 2215 66 2 2216 278 1 2217 286 1 2218 287 1 2219 73 2 2220 72 2 2221 64 2 2222 281 41 2223 280 41 2224 288 41 2225 71 2 2226 70 2 2227 62 2 2228 282 1 2229 289 1 2230 290 1 2231 69 2 2232 68 2 2233 60 2 2234 283 1 2235 290 1 2236 291 1 2237 67 2 2238 66 2 2239 58 2 2240 284 1 2241 291 1 2242 292 1 2243 65 2 2244 64 2 2245 56 2 2246 16 2 2247 63 2 2248 55 2 2249 63 2 2250 62 2 2251 54 2 2252 62 2 2253 61 2 2254 53 2 2255 61 2 2256 60 2 2257 52 2 2258 60 2 2259 59 2 2260 51 2 2261 59 2 2262 58 2 2263 50 2 2264 58 2 2265 57 2 2266 49 2 2267 57 2 2268 56 2 2269 48 2 2270 285 1 2271 292 1 2272 293 1 2273 55 2 2274 54 2 2275 33 2 2276 286 1 2277 293 1 2278 294 1 2279 34 2 2280 53 2 2281 52 2 2282 287 1 2283 294 1 2284 295 1 2285 36 2 2286 51 2 2287 50 2 2288 288 1 2289 295 1 2290 177 1 2291 49 2 2292 48 2 2293 39 2 2294 176 1 2295 177 1 2296 29 1 2297 47 2 2298 46 2 2299 158 2 2300 166 1 2301 167 1 2302 289 1 2303 45 2 2304 44 2 2305 156 2 2306 164 1 2307 165 1 2308 267 1 2309 43 2 2310 42 2 2311 154 2 2312 238 42 2313 162 42 2314 163 42 2315 41 2 2316 40 2 2317 152 2 2318 227 1 2319 234 1 2320 235 1 2321 226 1 2322 225 1 2323 232 1 2324 223 1 2325 230 1 2326 231 1 2327 170 1 2328 171 1 2329 9 1 2330 170 39 2331 222 39 2332 229 39 2333 222 40 2334 221 40 2335 228 40 2336 220 1 2337 227 1 2338 228 1 2339 219 1 2340 226 1 2341 227 1 2342 218 1 2343 225 1 2344 226 1 2345 217 1 2346 224 1 2347 225 1 2348 216 1 2349 223 1 2350 224 1 2351 215 1 2352 214 1 2353 222 1 2354 212 1 2355 220 1 2356 221 1 2357 210 1 2358 218 1 2359 219 1 2360 208 1 2361 216 1 2362 217 1 2363 207 1 2364 214 1 2365 215 1 2366 205 1 2367 212 1 2368 213 1 2369 203 1 2370 210 1 2371 211 1 2372 201 1 2373 208 1 2374 209 1 2375 169 1 2376 464 1 2377 466 1 2378 200 1 2379 207 1 2380 169 1 2381 199 1 2382 206 1 2383 207 1 2384 198 1 2385 205 1 2386 206 1 2387 197 1 2388 204 1 2389 205 1 2390 196 1 2391 203 1 2392 204 1 2393 195 1 2394 202 1 2395 203 1 2396 194 1 2397 201 1 2398 202 1 2399 179 1 2400 200 1 2401 168 1 2402 180 1 2403 181 1 2404 198 1 2405 182 1 2406 183 1 2407 196 1 2408 185 1 2409 194 1 2410 195 1 2411 295 1 2412 192 1 2413 193 1 2414 293 1 2415 190 1 2416 191 1 2417 291 1 2418 188 1 2419 189 1 2420 289 1 2421 186 1 2422 187 1 2423 132 13 2424 271 13 2425 270 13 2426 151 14 2427 176 14 2428 26 14 2429 82 13 2430 225 13 2431 224 13 2432 4 13 2433 29 13 2434 177 13 2435 134 43 2436 273 43 2437 272 43 2438 84 13 2439 227 13 2440 226 13 2441 38 1 2442 358 1 2443 344 1 2444 71 16 2445 215 16 2446 170 16 2447 86 43 2448 229 43 2449 228 43 2450 337 1 2451 369 1 2452 361 1 2453 78 17 2454 222 17 2455 214 17 2456 69 16 2457 213 16 2458 221 16 2459 39 1 2460 359 1 2461 358 1 2462 76 17 2463 220 17 2464 212 17 2465 119 16 2466 259 16 2467 174 16 2468 67 16 2469 211 16 2470 219 16 2471 126 17 2472 266 17 2473 258 17 2474 185 1 2475 345 1 2476 359 1 2477 74 17 2478 218 17 2479 210 17 2480 117 16 2481 257 16 2482 265 16 2483 65 16 2484 209 16 2485 217 16 2486 124 17 2487 264 17 2488 256 17 2489 191 16 2490 299 16 2491 309 16 2492 30 14 2493 166 14 2494 282 14 2495 72 17 2496 216 17 2497 208 17 2498 115 16 2499 255 16 2500 263 16 2501 63 16 2502 169 16 2503 215 16 2504 5 1 2505 457 1 2506 456 1 2507 122 17 2508 262 17 2509 254 17 2510 45 2 2511 309 2 2512 308 2 2513 145 14 2514 283 14 2515 284 14 2516 70 17 2517 214 17 2518 207 17 2519 113 16 2520 253 16 2521 261 16 2522 61 16 2523 206 16 2524 213 16 2525 24 19 2526 162 19 2527 238 19 2528 120 17 2529 260 17 2530 252 17 2531 187 16 2532 303 16 2533 305 16 2534 147 14 2535 285 14 2536 286 14 2537 68 17 2538 212 17 2539 205 17 2540 20 1 2541 475 1 2542 459 1 2543 111 16 2544 173 16 2545 259 16 2546 59 16 2547 204 16 2548 211 16 2549 97 20 2550 239 20 2551 240 20 2552 118 17 2553 258 17 2554 251 17 2555 186 1 2556 302 1 2557 303 1 2558 149 14 2559 287 14 2560 288 14 2561 66 17 2562 210 17 2563 203 17 2564 109 16 2565 250 16 2566 257 16 2567 18 14 2568 1 14 2569 194 14 2570 57 16 2571 202 16 2572 209 16 2573 15 1 2574 470 1 2575 471 1 2576 99 14 2577 241 14 2578 242 14 2579 116 17 2580 256 17 2581 249 17 2582 152 13 2583 289 13 2584 167 13 2585 64 17 2586 208 17 2587 201 17 2588 107 16 2589 248 16 2590 255 16 2591 49 14 2592 195 14 2593 196 14 2594 101 19 2595 243 19 2596 244 19 2597 114 17 2598 254 17 2599 247 17 2600 154 13 2601 291 13 2602 290 13 2603 11 1 2604 461 1 2605 460 1 2606 105 16 2607 246 16 2608 253 16 2609 51 14 2610 197 14 2611 198 14 2612 104 44 2613 245 44 2614 163 44 2615 112 17 2616 252 17 2617 245 17 2618 156 13 2619 293 13 2620 292 13 2621 53 14 2622 199 14 2623 200 14 2624 463 45 2625 487 45 2626 486 45 2627 106 21 2628 247 21 2629 246 21 2630 158 13 2631 295 13 2632 294 13 2633 56 13 2634 201 13 2635 0 13 2636 24 14 2637 540 14 2638 550 14 2639 108 13 2640 249 13 2641 248 13 2642 58 13 2643 203 13 2644 202 13 2645 32 16 2646 178 16 2647 168 16 2648 110 23 2649 251 23 2650 250 23 2651 54 17 2652 200 17 2653 179 17 2654 18 14 2655 536 14 2656 554 14 2657 60 13 2658 205 13 2659 204 13 2660 34 16 2661 180 16 2662 199 16 2663 52 24 2664 198 24 2665 181 24 2666 95 16 2667 237 16 2668 172 16 2669 62 13 2670 207 13 2671 206 13 2672 36 25 2673 182 25 2674 197 25 2675 21 14 2676 538 14 2677 552 14 2678 102 17 2679 244 17 2680 236 17 2681 50 17 2682 196 17 2683 183 17 2684 93 16 2685 235 16 2686 243 16 2687 38 16 2688 184 16 2689 195 16 2690 100 17 2691 242 17 2692 234 17 2693 143 16 2694 281 16 2695 176 16 2696 48 17 2697 194 17 2698 185 17 2699 25 26 2700 541 26 2701 540 26 2702 91 16 2703 233 16 2704 241 16 2705 150 17 2706 288 17 2707 280 17 2708 159 16 2709 177 16 2710 193 16 2711 98 17 2712 240 17 2713 232 17 2714 141 16 2715 279 16 2716 287 16 2717 46 17 2718 192 17 2719 295 17 2720 89 16 2721 231 16 2722 239 16 2723 148 17 2724 286 17 2725 278 17 2726 157 16 2727 294 16 2728 191 16 2729 165 13 2730 549 13 2731 543 13 2732 27 14 2733 164 14 2734 260 14 2735 96 17 2736 238 17 2737 230 17 2738 139 16 2739 277 16 2740 285 16 2741 44 17 2742 190 17 2743 293 17 2744 55 14 2745 168 14 2746 2 14 2747 87 16 2748 171 16 2749 237 16 2750 146 17 2751 284 17 2752 276 17 2753 155 16 2754 292 16 2755 189 16 2756 16 13 2757 3 13 2758 169 13 2759 121 14 2760 261 14 2761 262 14 2762 94 17 2763 236 17 2764 229 17 2765 137 16 2766 275 16 2767 283 16 2768 42 17 2769 188 17 2770 291 17 2771 85 16 2772 228 16 2773 235 16 2774 21 14 2775 160 14 2776 216 14 2777 144 17 2778 282 17 2779 274 17 2780 153 16 2781 290 16 2782 187 16 2783 79 14 2784 170 14 2785 6 14 2786 123 14 2787 263 14 2788 264 14 2789 92 17 2790 234 17 2791 227 17 2792 135 16 2793 175 16 2794 281 16 2795 40 17 2796 186 17 2797 289 17 2798 13 13 2799 9 13 2800 171 13 2801 83 16 2802 226 16 2803 233 16 2804 73 14 2805 217 14 2806 218 14 2807 142 17 2808 280 17 2809 273 17 2810 125 46 2811 265 46 2812 266 46 2813 90 17 2814 232 17 2815 225 17 2816 133 16 2817 272 16 2818 279 16 2819 103 14 2820 172 14 2821 12 14 2822 81 16 2823 224 16 2824 231 16 2825 75 14 2826 219 14 2827 220 14 2828 140 17 2829 278 17 2830 271 17 2831 10 13 2832 15 13 2833 173 13 2834 128 13 2835 267 13 2836 165 13 2837 88 17 2838 230 17 2839 223 17 2840 131 16 2841 270 16 2842 277 16 2843 77 46 2844 221 46 2845 222 46 2846 138 17 2847 276 17 2848 269 17 2849 127 14 2850 174 14 2851 20 14 2852 130 13 2853 269 13 2854 268 13 2855 129 16 2856 268 16 2857 275 16 2858 7 13 2859 23 13 2860 175 13 2861 80 13 2862 223 13 2863 161 13 2864 136 17 2865 274 17 2866 267 17 2867 310 17 2868 326 17 2869 312 17 2870 296 1 2871 312 1 2872 313 1 2873 323 16 2874 339 16 2875 331 16 2876 297 16 2877 313 16 2878 327 16 2879 190 1 2880 298 1 2881 299 1 2882 40 17 2883 304 17 2884 302 17 2885 44 17 2886 308 17 2887 298 17 2888 47 2 2889 311 2 2890 310 2 2891 189 16 2892 301 16 2893 307 16 2894 188 1 2895 300 1 2896 301 1 2897 41 2 2898 305 2 2899 304 2 2900 42 17 2901 306 17 2902 300 17 2903 192 1 2904 296 1 2905 297 1 2906 193 16 2907 297 16 2908 311 16 2909 43 2 2910 307 2 2911 306 2 2912 46 17 2913 310 17 2914 296 17 2915 321 13 2916 319 13 2917 318 13 2918 323 13 2919 317 13 2920 316 13 2921 325 13 2922 315 13 2923 314 13 2924 327 13 2925 313 13 2926 312 13 2927 303 16 2928 319 16 2929 321 16 2930 298 1 2931 314 1 2932 315 1 2933 304 17 2934 320 17 2935 318 17 2936 300 1 2937 316 1 2938 317 1 2939 301 16 2940 317 16 2941 323 16 2942 302 1 2943 318 1 2944 319 1 2945 306 17 2946 322 17 2947 316 17 2948 322 13 2949 338 13 2950 339 13 2951 299 16 2952 315 16 2953 325 16 2954 311 14 2955 335 14 2956 334 14 2957 308 17 2958 324 17 2959 314 17 2960 320 13 2961 336 13 2962 337 13 2963 334 1 2964 366 1 2965 374 1 2966 178 1 2967 356 1 2968 357 1 2969 34 1 2970 350 1 2971 352 1 2972 343 1 2973 375 1 2974 367 1 2975 324 13 2976 340 13 2977 341 13 2978 321 16 2979 337 16 2980 329 16 2981 306 17 2982 330 17 2983 338 17 2984 326 13 2985 342 13 2986 343 13 2987 325 16 2988 341 16 2989 333 16 2990 308 17 2991 332 17 2992 340 17 2993 305 14 2994 329 14 2995 328 14 2996 304 17 2997 328 17 2998 336 17 2999 327 16 3000 343 16 3001 335 16 3002 307 14 3003 331 14 3004 330 14 3005 310 17 3006 334 17 3007 342 17 3008 309 14 3009 333 14 3010 332 14 3011 352 1 3012 384 1 3013 385 1 3014 363 1 3015 395 1 3016 394 1 3017 365 1 3018 373 1 3019 405 1 3020 351 2 3021 383 2 3022 382 2 3023 361 1 3024 393 1 3025 392 1 3026 362 16 3027 394 16 3028 402 16 3029 348 1 3030 380 1 3031 381 1 3032 358 16 3033 390 16 3034 376 16 3035 328 1 3036 360 1 3037 368 1 3038 339 1 3039 371 1 3040 363 1 3041 330 1 3042 362 1 3043 370 1 3044 183 1 3045 349 1 3046 355 1 3047 329 1 3048 361 1 3049 360 1 3050 341 1 3051 373 1 3052 365 1 3053 36 1 3054 354 1 3055 348 1 3056 331 1 3057 363 1 3058 362 1 3059 179 1 3060 357 1 3061 347 1 3062 332 1 3063 364 1 3064 372 1 3065 32 1 3066 346 1 3067 356 1 3068 333 1 3069 365 1 3070 364 1 3071 184 1 3072 344 1 3073 345 1 3074 335 1 3075 367 1 3076 366 1 3077 33 1 3078 347 1 3079 346 1 3080 336 1 3081 368 1 3082 369 1 3083 182 1 3084 348 1 3085 349 1 3086 338 1 3087 370 1 3088 371 1 3089 35 1 3090 351 1 3091 350 1 3092 340 1 3093 372 1 3094 373 1 3095 180 1 3096 352 1 3097 353 1 3098 342 1 3099 374 1 3100 375 1 3101 181 1 3102 353 1 3103 351 1 3104 37 1 3105 355 1 3106 354 1 3107 389 17 3108 421 17 3109 411 17 3110 402 2 3111 434 2 3112 435 2 3113 414 14 3114 450 14 3115 451 14 3116 400 2 3117 432 2 3118 433 2 3119 388 1 3120 420 1 3121 421 1 3122 399 1 3123 431 1 3124 430 1 3125 391 13 3126 447 13 3127 446 13 3128 397 1 3129 429 1 3130 428 1 3131 364 16 3132 396 16 3133 404 16 3134 365 1 3135 397 1 3136 396 1 3137 355 2 3138 387 2 3139 386 2 3140 367 1 3141 399 1 3142 398 1 3143 356 1 3144 388 1 3145 389 1 3146 368 2 3147 400 2 3148 401 2 3149 359 2 3150 391 2 3151 390 2 3152 370 2 3153 402 2 3154 403 2 3155 357 17 3156 389 17 3157 379 17 3158 372 2 3159 404 2 3160 405 2 3161 346 16 3162 378 16 3163 388 16 3164 374 2 3165 406 2 3166 407 2 3167 353 17 3168 385 17 3169 383 17 3170 367 1 3171 375 1 3172 407 1 3173 350 16 3174 382 16 3175 384 16 3176 366 16 3177 398 16 3178 406 16 3179 349 17 3180 381 17 3181 387 17 3182 361 1 3183 369 1 3184 401 1 3185 354 16 3186 386 16 3187 380 16 3188 344 1 3189 376 1 3190 377 1 3191 360 16 3192 392 16 3193 400 16 3194 345 17 3195 377 17 3196 391 17 3197 347 2 3198 379 2 3199 378 2 3200 363 1 3201 371 1 3202 403 1 3203 411 14 3204 421 14 3205 420 14 3206 415 14 3207 417 14 3208 416 14 3209 419 14 3210 413 14 3211 412 14 3212 423 14 3213 409 14 3214 408 14 3215 431 2 3216 439 2 3217 438 2 3218 425 2 3219 433 2 3220 432 2 3221 427 2 3222 435 2 3223 434 2 3224 429 2 3225 437 2 3226 436 2 3227 404 2 3228 436 2 3229 437 2 3230 378 16 3231 410 16 3232 420 16 3233 406 2 3234 438 2 3235 439 2 3236 385 17 3237 417 17 3238 415 17 3239 399 1 3240 407 1 3241 439 1 3242 382 16 3243 414 16 3244 416 16 3245 398 1 3246 430 1 3247 438 1 3248 381 17 3249 413 17 3250 419 17 3251 393 1 3252 401 1 3253 433 1 3254 386 16 3255 418 16 3256 412 16 3257 376 1 3258 408 1 3259 409 1 3260 392 1 3261 424 1 3262 432 1 3263 377 17 3264 409 17 3265 423 17 3266 382 16 3267 442 16 3268 450 16 3269 395 1 3270 403 1 3271 435 1 3272 390 16 3273 422 16 3274 408 16 3275 380 1 3276 412 1 3277 413 1 3278 394 1 3279 426 1 3280 434 1 3281 393 1 3282 425 1 3283 424 1 3284 411 17 3285 449 17 3286 441 17 3287 397 1 3288 405 1 3289 437 1 3290 395 1 3291 427 1 3292 426 1 3293 384 1 3294 416 1 3295 417 1 3296 396 1 3297 428 1 3298 436 1 3299 447 2 3300 455 2 3301 454 2 3302 445 2 3303 453 2 3304 452 2 3305 441 2 3306 449 2 3307 448 2 3308 443 2 3309 451 2 3310 450 2 3311 379 13 3312 441 13 3313 440 13 3314 419 17 3315 453 17 3316 445 17 3317 378 16 3318 440 16 3319 448 16 3320 418 14 3321 452 14 3322 453 14 3323 423 17 3324 455 17 3325 447 17 3326 386 16 3327 444 16 3328 452 16 3329 383 13 3330 443 13 3331 442 13 3332 390 16 3333 446 16 3334 454 16 3335 422 14 3336 454 14 3337 455 14 3338 387 13 3339 445 13 3340 444 13 3341 410 14 3342 448 14 3343 449 14 3344 415 17 3345 451 17 3346 443 17 3347 466 1 3348 464 1 3349 465 1 3350 474 47 3351 494 47 3352 495 47 3353 2 14 3354 479 14 3355 477 14 3356 470 13 3357 460 13 3358 484 13 3359 461 28 3360 485 28 3361 484 28 3362 4 1 3363 456 1 3364 472 1 3365 3 1 3366 465 1 3367 464 1 3368 7 1 3369 458 1 3370 474 1 3371 29 1 3372 472 1 3373 473 1 3374 12 1 3375 471 1 3376 461 1 3377 2 1 3378 467 1 3379 465 1 3380 14 1 3381 463 1 3382 462 1 3383 10 1 3384 460 1 3385 470 1 3386 6 1 3387 469 1 3388 463 1 3389 168 1 3390 466 1 3391 467 1 3392 23 1 3393 474 1 3394 475 1 3395 8 1 3396 459 1 3397 458 1 3398 13 1 3399 462 1 3400 468 1 3401 9 1 3402 468 1 3403 469 1 3404 26 1 3405 473 1 3406 457 1 3407 488 1 3408 508 1 3409 509 1 3410 494 13 3411 482 13 3412 502 13 3413 496 16 3414 526 16 3415 527 16 3416 507 14 3417 535 14 3418 525 14 3419 495 14 3420 515 14 3421 503 14 3422 469 14 3423 489 14 3424 487 14 3425 3 13 3426 16 13 3427 476 13 3428 468 13 3429 462 13 3430 486 13 3431 473 14 3432 493 14 3433 481 14 3434 3 47 3435 478 47 3436 479 47 3437 472 13 3438 456 13 3439 480 13 3440 475 14 3441 495 14 3442 483 14 3443 468 47 3444 488 47 3445 489 47 3446 457 22 3447 481 22 3448 480 22 3449 474 13 3450 458 13 3451 482 13 3452 470 47 3453 490 47 3454 491 47 3455 17 22 3456 477 22 3457 476 22 3458 459 48 3459 483 48 3460 482 48 3461 471 14 3462 491 14 3463 485 14 3464 472 47 3465 492 47 3466 493 47 3467 497 16 3468 499 16 3469 498 16 3470 501 16 3471 513 16 3472 512 16 3473 503 16 3474 515 16 3475 514 16 3476 505 16 3477 511 16 3478 510 16 3479 507 16 3480 509 16 3481 508 16 3482 478 1 3483 498 1 3484 499 1 3485 491 14 3486 511 14 3487 505 14 3488 490 1 3489 510 1 3490 511 1 3491 479 14 3492 499 14 3493 497 14 3494 490 13 3495 484 13 3496 504 13 3497 492 1 3498 512 1 3499 513 1 3500 478 13 3501 476 13 3502 496 13 3503 489 14 3504 509 14 3505 507 14 3506 494 1 3507 514 1 3508 515 1 3509 506 16 3510 534 16 3511 535 16 3512 488 13 3513 486 13 3514 506 13 3515 493 14 3516 513 14 3517 501 14 3518 503 14 3519 531 14 3520 521 14 3521 492 13 3522 480 13 3523 500 13 3524 504 16 3525 532 16 3526 533 16 3527 517 2 3528 527 2 3529 526 2 3530 525 2 3531 535 2 3532 534 2 3533 519 2 3534 529 2 3535 528 2 3536 521 2 3537 531 2 3538 530 2 3539 523 2 3540 533 2 3541 532 2 3542 486 13 3543 524 13 3544 534 13 3545 501 14 3546 529 14 3547 519 14 3548 481 17 3549 519 17 3550 518 17 3551 497 14 3552 527 14 3553 517 14 3554 480 13 3555 518 13 3556 528 13 3557 483 17 3558 521 17 3559 520 17 3560 476 13 3561 516 13 3562 526 13 3563 485 17 3564 523 17 3565 522 17 3566 505 14 3567 533 14 3568 523 14 3569 482 13 3570 520 13 3571 530 13 3572 487 17 3573 525 17 3574 524 17 3575 500 16 3576 528 16 3577 529 16 3578 477 17 3579 517 17 3580 516 17 3581 502 16 3582 530 16 3583 531 16 3584 484 13 3585 522 13 3586 532 13 3587 548 1 3588 568 1 3589 569 1 3590 547 13 3591 567 13 3592 565 13 3593 546 1 3594 566 1 3595 567 1 3596 536 14 3597 556 14 3598 574 14 3599 542 14 3600 562 14 3601 568 14 3602 27 14 3603 542 14 3604 548 14 3605 1 1 3606 554 1 3607 555 1 3608 19 26 3609 537 26 3610 536 26 3611 164 1 3612 548 1 3613 549 1 3614 167 13 3615 547 13 3616 545 13 3617 28 26 3618 543 26 3619 542 26 3620 163 13 3621 551 13 3622 541 13 3623 22 26 3624 539 26 3625 538 26 3626 0 13 3627 555 13 3628 537 13 3629 162 1 3630 550 1 3631 551 1 3632 30 14 3633 544 14 3634 546 14 3635 31 26 3636 545 26 3637 544 26 3638 161 13 3639 553 13 3640 539 13 3641 160 1 3642 552 1 3643 553 1 3644 166 1 3645 546 1 3646 547 1 3647 557 17 3648 575 17 3649 574 17 3650 559 17 3651 573 17 3652 572 17 3653 561 17 3654 571 17 3655 570 17 3656 563 17 3657 569 17 3658 568 17 3659 565 17 3660 567 17 3661 566 17 3662 551 13 3663 571 13 3664 561 13 3665 550 1 3666 570 1 3667 571 1 3668 565 1 3669 595 1 3670 585 1 3671 555 13 3672 575 13 3673 557 13 3674 552 1 3675 572 1 3676 573 1 3677 562 1 3678 592 1 3679 593 1 3680 553 13 3681 573 13 3682 559 13 3683 554 1 3684 574 1 3685 575 1 3686 560 1 3687 590 1 3688 591 1 3689 538 14 3690 558 14 3691 572 14 3692 544 14 3693 564 14 3694 566 14 3695 563 1 3696 593 1 3697 583 1 3698 549 13 3699 569 13 3700 563 13 3701 540 14 3702 560 14 3703 570 14 3704 557 1 3705 587 1 3706 577 1 3707 577 16 3708 597 16 3709 596 16 3710 590 17 3711 610 17 3712 611 17 3713 587 13 3714 607 13 3715 597 13 3716 588 17 3717 608 17 3718 609 17 3719 591 13 3720 611 13 3721 601 13 3722 564 1 3723 594 1 3724 595 1 3725 537 1 3726 577 1 3727 576 1 3728 542 1 3729 582 1 3730 592 1 3731 559 1 3732 589 1 3733 579 1 3734 539 1 3735 579 1 3736 578 1 3737 538 1 3738 578 1 3739 588 1 3740 541 1 3741 581 1 3742 580 1 3743 561 1 3744 591 1 3745 581 1 3746 536 1 3747 576 1 3748 586 1 3749 540 1 3750 580 1 3751 590 1 3752 543 1 3753 583 1 3754 582 1 3755 556 1 3756 586 1 3757 587 1 3758 544 1 3759 584 1 3760 594 1 3761 545 1 3762 585 1 3763 584 1 3764 558 1 3765 588 1 3766 589 1 3767 597 2 3768 607 2 3769 606 2 3770 599 2 3771 609 2 3772 608 2 3773 601 2 3774 611 2 3775 610 2 3776 603 2 3777 613 2 3778 612 2 3779 605 2 3780 615 2 3781 614 2 3782 589 13 3783 609 13 3784 599 13 3785 592 17 3786 612 17 3787 613 17 3788 579 16 3789 599 16 3790 598 16 3791 578 14 3792 598 14 3793 608 14 3794 594 17 3795 614 17 3796 615 17 3797 581 16 3798 601 16 3799 600 16 3800 580 14 3801 600 14 3802 610 14 3803 582 14 3804 602 14 3805 612 14 3806 583 16 3807 603 16 3808 602 16 3809 584 14 3810 604 14 3811 614 14 3812 576 14 3813 596 14 3814 606 14 3815 585 16 3816 605 16 3817 604 16 3818 593 13 3819 613 13 3820 603 13 3821 595 13 3822 615 13 3823 605 13 3824 586 17 3825 606 17 3826 607 17 3827</p>
        </triangles>
      </mesh>
    </geometry>
  </library_geometries>
  <library_visual_scenes>
    <visual_scene id="Scene" name="Scene">
      <node id="Plane" name="Plane" type="NODE">
        <matrix sid="transform">2.3337e-7 0 1 2.282448 0 3.869279 0 0 -3.091079 0 7.54979e-8 2.248512 0 0 0 1</matrix>
        <instance_geometry url="#Plane-mesh" name="Plane"/>
      </node>
    </visual_scene>
  </library_visual_scenes>
  <scene>
    <instance_visual_scene url="#Scene"/>
  </scene>
</COLLADA>