# Blender 4.2.1 LTS
# www.blender.org
mtllib human_with_accessories.mtl
o H_V1
v 0.323763 3.500658 0.024780
v 0.291346 3.499575 -0.108846
v 0.000000 3.492382 0.220014
v 0.000000 3.490176 -0.207813
v 0.000000 2.776540 -0.207813
v 0.000000 2.778746 0.220014
v 0.291346 2.785939 -0.108846
v 0.323763 2.787022 0.024780
v 0.281621 2.794094 0.179546
v 0.203131 2.781907 -0.170215
v 0.209867 2.786706 0.199570
v 0.209867 3.500342 0.199570
v 0.035615 2.728522 0.087997
v 0.033055 2.726698 -0.052568
v 0.062891 2.731330 0.080385
v 0.000000 2.129535 -0.217726
v 0.312755 2.288244 -0.108276
v 0.306064 2.516441 -0.101999
v 0.335150 2.268354 0.012924
v 0.311170 2.578950 0.015954
v 0.315994 2.289460 0.139609
v 0.297097 2.502895 0.136119
v 0.000000 2.142210 0.271075
v 0.175788 2.133269 -0.166957
v 0.316669 2.124105 0.011579
v 0.276585 2.134777 0.148745
v 0.180585 2.286822 -0.163492
v 0.000000 2.282995 -0.211676
v 0.562056 2.312959 -0.091097
v 0.548460 2.487772 -0.073030
v 0.572681 2.276577 0.013174
v 0.540654 2.517640 0.014718
v 0.567389 2.312914 0.122128
v 0.551315 2.476890 0.118814
v 0.864483 2.336916 -0.094691
v 0.848049 2.460720 -0.084167
v 0.875453 2.290921 0.012987
v 0.842585 2.506480 0.014309
v 0.870013 2.336665 0.125468
v 0.853568 2.460517 0.121958
v 0.000000 2.554920 -0.087249
v 0.000000 2.559671 0.151795
v 0.116830 2.566382 -0.050285
v 0.140991 2.587853 0.020050
v 0.127867 2.573118 0.087637
v 0.000000 2.616718 -0.079144
v 0.000000 2.609383 0.125707
v 0.079589 2.624619 -0.039694
v 0.095703 2.619291 0.023086
v 0.078196 2.616373 0.101736
v 0.000000 2.592666 -0.066861
v 0.000000 2.593504 0.095768
v 0.066588 2.596239 -0.029241
v 0.078910 2.596650 0.021555
v 0.062891 2.599339 0.080385
v 1.346618 2.339715 -0.089385
v 1.338527 2.457376 -0.079429
v 1.352334 2.286007 0.013087
v 1.333295 2.510785 0.014207
v 1.351895 2.339412 0.120057
v 1.343804 2.457074 0.116679
v 1.385621 2.339709 -0.089388
v 1.377531 2.457367 -0.079432
v 1.389589 2.286000 0.013085
v 1.370552 2.510774 0.014203
v 1.390898 2.339404 0.120055
v 1.382808 2.457064 0.116676
v 1.432124 2.339701 -0.089391
v 1.424036 2.457357 -0.079437
v 1.434008 2.285994 0.013082
v 1.414973 2.510763 0.014198
v 1.437402 2.339396 0.120052
v 1.429313 2.457053 0.116672
v 1.509469 2.296619 -0.136663
v 1.513196 2.500638 -0.149404
v 1.518415 2.223044 0.010995
v 1.511758 2.582384 0.013013
v 1.525123 2.296084 0.169034
v 1.522350 2.500107 0.190670
v 1.633674 2.296608 -0.136667
v 1.637404 2.500623 -0.149410
v 1.642620 2.223033 0.010992
v 1.635968 2.582365 0.013006
v 1.649330 2.296071 0.169030
v 1.646559 2.500088 0.190664
v 1.720118 2.345459 -0.078981
v 1.716198 2.452351 -0.071053
v 1.724637 2.301250 0.014329
v 1.713147 2.506507 0.013282
v 1.724699 2.346957 0.110839
v 1.720792 2.453726 0.106683
v 0.889477 2.459936 0.121068
v 0.886421 2.500588 0.014269
v 0.884000 2.460160 -0.083361
v 0.899020 2.337399 -0.093789
v 0.904506 2.337138 0.124555
v 0.915720 2.296694 0.013033
v 0.927292 2.459441 0.120313
v 0.941123 2.337536 0.123780
v 0.950476 2.294853 0.013045
v 0.922947 2.502353 0.014261
v 0.921850 2.459683 -0.082681
v 0.935673 2.337805 -0.093026
v 0.270087 2.515685 -0.104140
v 0.285526 2.272749 -0.121927
v 0.328291 2.261587 0.012962
v 0.286194 2.577443 0.018475
v 0.266872 2.504612 0.133461
v 0.320612 0.087845 -0.060965
v 0.232919 1.213970 -0.090302
v 0.383392 0.092704 -0.007050
v 0.321587 1.249103 0.017000
v 0.367885 0.092044 0.067178
v 0.287472 1.230684 0.149677
v 0.277122 0.088683 0.105981
v 0.166015 1.192977 0.180774
v 0.222990 0.089696 0.082473
v 0.104378 1.170909 0.091845
v 0.201355 0.088243 0.009791
v 0.068883 1.157227 0.000006
v 0.257445 0.088145 -0.064467
v 0.129253 1.155506 -0.112848
v 0.228480 1.268902 -0.125703
v 0.313157 1.307572 0.017236
v 0.272384 1.305606 0.154752
v 0.154115 1.236005 0.192395
v 0.095062 1.200698 0.104961
v 0.055700 1.189212 -0.001429
v 0.111580 1.191621 -0.124366
v 0.218638 1.370046 -0.151662
v 0.305087 1.372100 0.019783
v 0.254830 1.387327 0.168892
v 0.103737 1.277442 0.222826
v 0.051634 1.238117 0.108098
v 0.028476 1.222424 -0.001428
v 0.083404 1.239500 -0.140237
v 0.000000 1.224967 -0.002362
v 0.000000 1.235674 0.108098
v 0.000000 1.299193 0.249739
v 0.000000 1.282826 -0.155700
v 0.000000 1.398376 0.266687
v 0.352295 0.725526 0.009927
v 0.319154 0.714769 0.134529
v 0.216311 0.692748 0.165908
v 0.148405 0.679860 0.085547
v 0.271339 0.703212 -0.076882
v 0.114457 0.671870 0.000002
v 0.162932 0.670865 -0.097816
v 0.357536 0.664513 0.008720
v 0.324561 0.655064 0.114142
v 0.224895 0.635720 0.145569
v 0.155918 0.624399 0.084473
v 0.122235 0.617380 0.000002
v 0.168679 0.616498 -0.116164
v 0.277896 0.644387 -0.095504
v 0.386762 0.063052 -0.003686
v 0.354915 0.695019 0.014323
v 0.321858 0.684916 0.126732
v 0.220603 0.664234 0.158135
v 0.152161 0.652130 0.090010
v 0.118346 0.644625 0.005002
v 0.323575 0.060348 -0.061128
v 0.374405 0.063243 0.066723
v 0.278297 0.061501 0.105762
v 0.225888 0.061056 0.083398
v 0.201355 0.059443 0.009791
v 0.259443 0.060225 -0.064577
v 0.384707 0.027605 -0.004915
v 0.327976 0.028147 -0.059292
v 0.388233 0.036021 0.189288
v 0.286623 0.037870 0.225372
v 0.226822 0.033291 0.199753
v 0.201461 0.029443 0.011287
v 0.257202 0.027186 -0.062670
v 0.376652 -0.017967 0.001427
v 0.326798 -0.017967 -0.045818
v 0.374912 -0.017967 0.187960
v 0.286247 -0.017966 0.223969
v 0.236965 -0.017966 0.196899
v 0.209391 -0.017967 0.015674
v 0.256643 -0.017967 -0.043687
v 0.900975 2.501476 0.014267
v 0.899217 2.459925 -0.083019
v 0.913639 2.337604 -0.093406
v 0.904676 2.459693 0.120691
v 0.919107 2.337340 0.124168
v 0.929390 2.295775 0.013040
v 0.000000 1.379627 -0.190270
v 0.259138 1.959970 0.137471
v 0.205038 1.961001 -0.171568
v 0.309020 1.966484 0.009707
v 0.000000 1.962172 0.293886
v 0.000000 1.958394 -0.216444
v 0.225171 1.540821 0.171276
v 0.000000 1.542769 0.266905
v 0.211450 1.528295 -0.153504
v 0.291261 1.529926 0.017096
v 0.000000 1.536680 -0.189782
v 0.539024 2.531358 -0.115064
v 0.527526 2.588862 0.013527
v 0.549996 2.299451 -0.128781
v 0.543189 2.515775 0.166001
v 0.566266 2.288120 0.166740
v 0.551418 2.228303 0.000472
v 0.139952 2.617482 0.015769
v 0.127926 2.620788 0.102625
v 0.000000 2.605688 -0.124033
v 0.111344 2.613761 -0.070638
v 0.000000 2.599642 0.172711
v 0.078910 2.728642 0.021555
v 0.066588 2.728230 -0.029241
v 0.000000 2.725496 0.095768
v 0.203131 3.495543 -0.170215
v 0.281621 3.507730 0.179546
v 0.000000 2.724658 -0.066861
v 0.084157 2.130577 -0.200227
v 0.121416 2.138637 0.241388
v 0.052801 2.554860 -0.085637
v 0.078015 2.560487 0.128198
v 0.040003 2.619752 -0.066626
v 0.043068 2.612849 0.113539
v 0.033055 2.594706 -0.052568
v 0.035615 2.596530 0.087997
v 0.014233 1.223696 -0.001895
v 0.025812 1.236895 0.108098
v 0.051863 1.293924 0.237702
v 0.041697 1.266656 -0.153756
v 0.127408 1.388310 0.232954
v 0.109313 1.374837 -0.170966
v 0.130280 1.951413 0.247387
v 0.094771 1.954960 -0.207160
v 0.112574 1.541796 0.234722
v 0.105716 1.532488 -0.171642
v 0.077418 2.607919 0.145851
v 0.046525 2.606486 -0.111832
v 0.080616 2.286273 -0.193807
v 0.000000 2.269553 0.259106
v 0.114113 2.269257 0.245410
v 0.250276 1.542554 -0.181867
v 0.341893 1.544376 0.014314
v 0.000000 1.552144 -0.243388
v 0.267243 1.556209 0.196706
v 0.000000 1.558496 0.324919
v 0.126786 1.547349 -0.222326
v 0.135267 1.557354 0.291287
v 0.276728 2.134772 -0.091943
v 0.277253 1.231537 -0.036651
v 0.270818 1.288237 -0.054234
v 0.261862 1.371073 -0.065939
v 0.311817 0.714369 -0.033478
v 0.267232 1.965832 -0.082530
v 0.251355 1.529110 -0.068204
v 0.296084 1.543465 -0.085867
v 0.000000 3.491368 0.023419
v 0.206664 3.498060 0.023742
v 0.281296 2.276401 0.158858
v 0.492145 2.524551 -0.114148
v 0.503050 2.297089 -0.124460
v 0.494378 2.513061 0.159703
v 0.484982 2.586772 0.014038
v 0.516574 2.288402 0.161021
v 0.508893 2.236745 0.003097
v 0.000000 2.450521 -0.181396
v 0.172395 2.464005 -0.148450
v 0.079519 2.444531 -0.169728
v 0.090783 2.502651 0.177223
v 0.168584 2.529022 -0.126391
v 0.216803 2.585771 0.019816
v 0.187568 2.513348 0.144465
v 0.083958 2.511581 -0.156478
v 0.000000 2.507762 -0.158623
v 0.000000 2.506715 0.193432
v 0.194515 2.544082 -0.074675
v 0.353471 2.290137 -0.111739
v 0.372324 2.261591 0.010821
v 0.348360 2.580623 0.015544
v 0.345878 2.518176 -0.104598
v 0.358910 2.289234 0.144190
v 0.181725 1.556951 0.254897
v 0.204944 2.278856 0.198386
v 0.197657 2.136350 0.196769
v 0.182107 1.957215 0.213313
v 0.326480 2.517331 -0.103332
v 0.333633 2.289215 -0.110051
v 0.318742 2.504011 0.138707
v 0.330240 2.579808 0.015744
v 0.338001 2.289344 0.141958
v 0.354212 2.264886 0.011846
v 0.339308 2.505070 0.141165
v 0.235281 1.182574 -0.089477
v 0.107085 1.140724 0.091458
v 0.071684 1.127393 0.000006
v 0.169106 1.162228 0.179861
v 0.289420 1.198971 0.148746
v 0.323475 1.216919 0.016566
v 0.131323 1.125715 -0.111924
v 0.279378 1.199747 -0.036456
v 0.947363 2.459327 0.120138
v 0.960918 2.337626 0.123601
v 0.969841 2.294426 0.013047
v 0.942721 2.502760 0.014258
v 0.941929 2.459571 -0.082524
v 0.955476 2.337897 -0.092850
v 1.392763 2.510769 0.014201
v 1.406061 2.457058 0.116674
v 1.400784 2.457362 -0.079434
v 1.408872 2.339705 -0.089390
v 1.414150 2.339400 0.120053
v 1.411798 2.285997 0.013084
v 0.066588 2.713885 -0.029241
v 0.000000 2.711151 0.095768
v 0.035615 2.714177 0.087997
v 0.033055 2.712353 -0.052568
v 0.000000 2.710312 -0.066861
v 0.062891 2.716985 0.080385
v 0.078910 2.714297 0.021555
v 0.000000 2.608162 0.095768
v 0.033055 2.609364 -0.052568
v 0.062891 2.613996 0.080385
v 0.066588 2.610896 -0.029241
v 0.035615 2.611188 0.087997
v 0.000000 2.607323 -0.066861
v 0.078910 2.611308 0.021555
v 0.066588 2.626384 -0.029241
v 0.035615 2.626675 0.087997
v 0.000000 2.622810 -0.066861
v 0.078910 2.626795 0.021555
v 0.000000 2.623649 0.095768
v 0.033055 2.624851 -0.052568
v 0.062891 2.629483 0.080385
v -0.323763 3.500658 0.024780
v -0.291346 3.499575 -0.108846
v -0.291346 2.785939 -0.108846
v -0.323763 2.787022 0.024780
v -0.281621 2.794094 0.179546
v -0.203131 2.781907 -0.170215
v -0.209867 2.786706 0.199570
v -0.209867 3.500342 0.199570
v -0.035615 2.728522 0.087997
v -0.033055 2.726698 -0.052568
v -0.062891 2.731330 0.080385
v -0.312755 2.288244 -0.108276
v -0.306064 2.516441 -0.101999
v -0.335150 2.268354 0.012924
v -0.311170 2.578950 0.015954
v -0.315994 2.289460 0.139609
v -0.297097 2.502895 0.136119
v -0.175788 2.133269 -0.166957
v -0.316669 2.124105 0.011579
v -0.276585 2.134777 0.148745
v -0.180585 2.286822 -0.163492
v -0.562056 2.312959 -0.091097
v -0.548460 2.487772 -0.073030
v -0.572681 2.276577 0.013174
v -0.540654 2.517640 0.014718
v -0.567389 2.312914 0.122128
v -0.551315 2.476890 0.118814
v -0.864483 2.336916 -0.094691
v -0.848049 2.460720 -0.084167
v -0.875453 2.290921 0.012987
v -0.842585 2.506480 0.014309
v -0.870013 2.336665 0.125468
v -0.853568 2.460517 0.121958
v -0.116830 2.566382 -0.050285
v -0.140991 2.587853 0.020050
v -0.127867 2.573118 0.087637
v -0.079589 2.624619 -0.039694
v -0.095703 2.619291 0.023086
v -0.078196 2.616373 0.101736
v -0.066588 2.596239 -0.029241
v -0.078910 2.596650 0.021555
v -0.062891 2.599339 0.080385
v -1.346618 2.339715 -0.089385
v -1.338527 2.457376 -0.079429
v -1.352334 2.286007 0.013087
v -1.333295 2.510785 0.014207
v -1.351895 2.339412 0.120057
v -1.343804 2.457074 0.116679
v -1.385621 2.339709 -0.089388
v -1.377531 2.457367 -0.079432
v -1.389589 2.286000 0.013085
v -1.370552 2.510774 0.014203
v -1.390898 2.339404 0.120055
v -1.382808 2.457064 0.116676
v -1.432124 2.339701 -0.089391
v -1.424036 2.457357 -0.079437
v -1.434008 2.285994 0.013082
v -1.414973 2.510763 0.014198
v -1.437402 2.339396 0.120052
v -1.429313 2.457053 0.116672
v -1.509469 2.296619 -0.136663
v -1.513196 2.500638 -0.149404
v -1.518415 2.223044 0.010995
v -1.511758 2.582384 0.013013
v -1.525123 2.296084 0.169034
v -1.522350 2.500107 0.190670
v -1.633674 2.296608 -0.136667
v -1.637404 2.500623 -0.149410
v -1.642620 2.223033 0.010992
v -1.635968 2.582365 0.013006
v -1.649330 2.296071 0.169030
v -1.646559 2.500088 0.190664
v -1.720118 2.345459 -0.078981
v -1.716198 2.452351 -0.071053
v -1.724637 2.301250 0.014329
v -1.713147 2.506507 0.013282
v -1.724699 2.346957 0.110839
v -1.720792 2.453726 0.106683
v -0.889477 2.459936 0.121068
v -0.886421 2.500588 0.014269
v -0.884000 2.460160 -0.083361
v -0.899020 2.337399 -0.093789
v -0.904506 2.337138 0.124555
v -0.915720 2.296694 0.013033
v -0.927292 2.459441 0.120313
v -0.941123 2.337536 0.123780
v -0.950476 2.294853 0.013045
v -0.922947 2.502353 0.014261
v -0.921850 2.459683 -0.082681
v -0.935673 2.337805 -0.093026
v -0.270087 2.515685 -0.104140
v -0.285526 2.272749 -0.121927
v -0.328291 2.261587 0.012962
v -0.286194 2.577443 0.018475
v -0.266872 2.504612 0.133461
v -0.320612 0.087845 -0.060965
v -0.232919 1.213970 -0.090302
v -0.383392 0.092704 -0.007050
v -0.321587 1.249103 0.017000
v -0.367885 0.092044 0.067178
v -0.287472 1.230684 0.149677
v -0.277122 0.088683 0.105981
v -0.166015 1.192977 0.180774
v -0.222990 0.089696 0.082473
v -0.104378 1.170909 0.091845
v -0.201355 0.088243 0.009791
v -0.068883 1.157227 0.000006
v -0.257445 0.088145 -0.064467
v -0.129253 1.155506 -0.112848
v -0.228480 1.268902 -0.125703
v -0.313157 1.307572 0.017236
v -0.272384 1.305606 0.154752
v -0.154115 1.236005 0.192395
v -0.095062 1.200698 0.104961
v -0.055700 1.189212 -0.001429
v -0.111580 1.191621 -0.124366
v -0.218638 1.370046 -0.151662
v -0.305087 1.372100 0.019783
v -0.254830 1.387327 0.168892
v -0.103737 1.277442 0.222826
v -0.051634 1.238117 0.108098
v -0.028476 1.222424 -0.001428
v -0.083404 1.239500 -0.140237
v -0.352295 0.725526 0.009927
v -0.319154 0.714769 0.134529
v -0.216311 0.692748 0.165908
v -0.148405 0.679860 0.085547
v -0.271339 0.703212 -0.076882
v -0.114457 0.671870 0.000002
v -0.162932 0.670865 -0.097816
v -0.357536 0.664513 0.008720
v -0.324561 0.655064 0.114142
v -0.224895 0.635720 0.145569
v -0.155918 0.624399 0.084473
v -0.122235 0.617380 0.000002
v -0.168679 0.616498 -0.116164
v -0.277896 0.644387 -0.095504
v -0.386762 0.063052 -0.003686
v -0.354915 0.695019 0.014323
v -0.321858 0.684916 0.126732
v -0.220603 0.664234 0.158135
v -0.152161 0.652130 0.090010
v -0.118346 0.644625 0.005002
v -0.323575 0.060348 -0.061128
v -0.374405 0.063243 0.066723
v -0.278297 0.061501 0.105762
v -0.225888 0.061056 0.083398
v -0.201355 0.059443 0.009791
v -0.259443 0.060225 -0.064577
v -0.384707 0.027605 -0.004915
v -0.327976 0.028147 -0.059292
v -0.388233 0.036021 0.189288
v -0.286623 0.037870 0.225372
v -0.226822 0.033291 0.199753
v -0.201461 0.029443 0.011287
v -0.257202 0.027186 -0.062670
v -0.376652 -0.017967 0.001427
v -0.326798 -0.017967 -0.045818
v -0.374912 -0.017967 0.187960
v -0.286247 -0.017966 0.223969
v -0.236965 -0.017966 0.196899
v -0.209391 -0.017967 0.015674
v -0.256643 -0.017967 -0.043687
v -0.900975 2.501476 0.014267
v -0.899217 2.459925 -0.083019
v -0.913639 2.337604 -0.093406
v -0.904676 2.459693 0.120691
v -0.919107 2.337340 0.124168
v -0.929390 2.295775 0.013040
v -0.259138 1.959970 0.137471
v -0.205038 1.961001 -0.171568
v -0.309020 1.966484 0.009707
v -0.225171 1.540821 0.171276
v -0.211450 1.528295 -0.153504
v -0.291261 1.529926 0.017096
v -0.539024 2.531358 -0.115064
v -0.527526 2.588862 0.013527
v -0.549996 2.299451 -0.128781
v -0.543189 2.515775 0.166001
v -0.566266 2.288120 0.166740
v -0.551418 2.228303 0.000472
v -0.139952 2.617482 0.015769
v -0.127926 2.620788 0.102625
v -0.111344 2.613761 -0.070638
v -0.078910 2.728642 0.021555
v -0.066588 2.728230 -0.029241
v -0.203131 3.495543 -0.170215
v -0.281621 3.507730 0.179546
v -0.084157 2.130577 -0.200227
v -0.121416 2.138637 0.241388
v -0.052801 2.554860 -0.085637
v -0.078015 2.560487 0.128198
v -0.040003 2.619752 -0.066626
v -0.043068 2.612849 0.113539
v -0.033055 2.594706 -0.052568
v -0.035615 2.596530 0.087997
v -0.014233 1.223696 -0.001895
v -0.025812 1.236895 0.108098
v -0.051863 1.293924 0.237702
v -0.041697 1.266656 -0.153756
v -0.127408 1.388310 0.232954
v -0.109313 1.374837 -0.170966
v -0.130280 1.951413 0.247387
v -0.094771 1.954960 -0.207160
v -0.112574 1.541796 0.234722
v -0.105716 1.532488 -0.171642
v -0.077418 2.607919 0.145851
v -0.046525 2.606486 -0.111832
v -0.080616 2.286273 -0.193807
v -0.114113 2.269257 0.245410
v -0.250276 1.542554 -0.181867
v -0.341893 1.544376 0.014314
v -0.267243 1.556209 0.196706
v -0.126786 1.547349 -0.222326
v -0.135267 1.557354 0.291287
v -0.276728 2.134772 -0.091943
v -0.277253 1.231537 -0.036651
v -0.270818 1.288237 -0.054234
v -0.261862 1.371073 -0.065939
v -0.311817 0.714369 -0.033478
v -0.267232 1.965832 -0.082530
v -0.251355 1.529110 -0.068204
v -0.296084 1.543465 -0.085867
v -0.206664 3.498060 0.023742
v -0.281296 2.276401 0.158858
v -0.492145 2.524551 -0.114148
v -0.503050 2.297089 -0.124460
v -0.494378 2.513061 0.159703
v -0.484982 2.586772 0.014038
v -0.516574 2.288402 0.161021
v -0.508893 2.236745 0.003097
v -0.172395 2.464005 -0.148450
v -0.079519 2.444531 -0.169728
v -0.090783 2.502651 0.177223
v -0.168584 2.529022 -0.126391
v -0.216803 2.585771 0.019816
v -0.187568 2.513348 0.144465
v -0.083958 2.511581 -0.156478
v -0.194515 2.544082 -0.074675
v -0.353471 2.290137 -0.111739
v -0.372324 2.261591 0.010821
v -0.348360 2.580623 0.015544
v -0.345878 2.518176 -0.104598
v -0.358910 2.289234 0.144190
v -0.181725 1.556951 0.254897
v -0.204944 2.278856 0.198386
v -0.197657 2.136350 0.196769
v -0.182107 1.957215 0.213313
v -0.326480 2.517331 -0.103332
v -0.333633 2.289215 -0.110051
v -0.318742 2.504011 0.138707
v -0.330240 2.579808 0.015744
v -0.338001 2.289344 0.141958
v -0.354212 2.264886 0.011846
v -0.339308 2.505070 0.141165
v -0.235281 1.182574 -0.089477
v -0.107085 1.140724 0.091458
v -0.071684 1.127393 0.000006
v -0.169106 1.162228 0.179861
v -0.289420 1.198971 0.148746
v -0.323475 1.216919 0.016566
v -0.131323 1.125715 -0.111924
v -0.279378 1.199747 -0.036456
v -0.947363 2.459327 0.120138
v -0.960918 2.337626 0.123601
v -0.969841 2.294426 0.013047
v -0.942721 2.502760 0.014258
v -0.941929 2.459571 -0.082524
v -0.955476 2.337897 -0.092850
v -1.392763 2.510769 0.014201
v -1.406061 2.457058 0.116674
v -1.400784 2.457362 -0.079434
v -1.408872 2.339705 -0.089390
v -1.414150 2.339400 0.120053
v -1.411798 2.285997 0.013084
v -0.066588 2.713885 -0.029241
v -0.035615 2.714177 0.087997
v -0.033055 2.712353 -0.052568
v -0.062891 2.716985 0.080385
v -0.078910 2.714297 0.021555
v -0.033055 2.609364 -0.052568
v -0.062891 2.613996 0.080385
v -0.066588 2.610896 -0.029241
v -0.035615 2.611188 0.087997
v -0.078910 2.611308 0.021555
v -0.066588 2.626384 -0.029241
v -0.035615 2.626675 0.087997
v -0.078910 2.626795 0.021555
v -0.033055 2.624851 -0.052568
v -0.062891 2.629483 0.080385
vn 0.2688 -0.0000 0.9632
vn 0.5711 -0.0000 -0.8209
vn 0.2323 -0.9714 -0.0485
vn 0.0843 -0.9235 0.3741
vn 0.2293 -0.9675 0.1066
vn 0.1006 -0.9409 -0.3235
vn 0.9649 -0.0000 0.2627
vn 0.1790 -0.9646 -0.1939
vn 0.1655 -0.9565 0.2403
vn 0.9696 0.0767 -0.2325
vn 0.9806 0.1959 0.0084
vn 0.2629 -0.9490 0.1740
vn 0.3086 0.0581 -0.9494
vn 0.2086 0.0418 -0.9771
vn 0.2641 -0.9575 -0.1158
vn 0.1375 0.0566 -0.9889
vn 0.0587 -0.9659 0.2521
vn 0.9615 -0.2682 0.0603
vn 0.9213 -0.3331 -0.2009
vn 0.9807 0.1952 -0.0140
vn 0.0517 0.9265 -0.3726
vn 0.0570 -0.9352 0.3494
vn 0.0565 -0.9286 -0.3667
vn 0.0405 0.9261 0.3751
vn -0.0239 0.0929 -0.9954
vn -0.0282 0.9996 -0.0074
vn 0.0310 0.9656 -0.2582
vn -0.0677 0.9801 0.1866
vn 0.1478 0.9884 -0.0337
vn -0.2362 0.8423 -0.4845
vn -0.8228 0.5204 0.2285
vn -0.7145 0.6779 -0.1731
vn -0.3312 0.4820 0.8111
vn -0.0048 0.9062 0.4229
vn -0.0049 0.8918 -0.4525
vn 0.0083 0.0852 -0.9963
vn -0.0060 -0.9140 0.4057
vn -0.0058 -0.9065 -0.4222
vn -0.0001 0.0843 -0.9964
vn -0.0001 -0.8947 0.4467
vn -0.0002 -0.8857 -0.4642
vn 0.0003 0.8857 0.4642
vn 0.0002 0.8686 -0.4954
vn -0.5588 -0.7400 0.3744
vn -0.5859 -0.7322 -0.3472
vn -0.5813 0.7105 0.3966
vn -0.5876 0.7054 -0.3964
vn -0.5756 -0.0149 -0.8176
vn 0.0002 0.9074 0.4202
vn 0.0001 0.8932 -0.4496
vn -0.0001 -0.0623 -0.9981
vn -0.0001 -0.9077 0.4195
vn -0.0001 -0.8950 -0.4460
vn 0.6653 -0.6832 0.3010
vn 0.6413 -0.6746 -0.3656
vn 0.6924 0.6633 0.2839
vn 0.6847 0.6436 -0.3420
vn 0.6356 -0.0116 -0.7719
vn 0.9987 0.0495 -0.0110
vn 0.0818 -0.9203 -0.3825
vn 0.9981 0.0486 -0.0387
vn 0.0818 -0.9281 0.3632
vn 0.0242 0.0877 -0.9959
vn 0.0777 0.9132 -0.4001
vn 0.0795 0.9261 0.3688
vn -0.0123 -0.9294 -0.3690
vn -0.0126 -0.9352 0.3540
vn 0.0161 0.0864 -0.9961
vn -0.0101 0.9175 -0.3977
vn -0.0098 0.9287 0.3706
vn 0.0019 0.8448 0.5351
vn -0.0359 0.8892 -0.4562
vn 0.5968 -0.7642 -0.2445
vn 0.2273 0.0603 -0.9719
vn 0.7608 0.0501 -0.6470
vn 0.9653 0.0525 0.2557
vn 0.2516 -0.0083 0.9678
vn -0.8066 -0.0892 0.5844
vn -0.9247 -0.0872 0.3705
vn -0.6878 -0.4050 0.6024
vn -0.8799 -0.0791 -0.4686
vn 0.2182 -0.0121 -0.9758
vn 0.8328 -0.1690 -0.5271
vn 0.3139 -0.3736 -0.8729
vn 0.9487 0.1563 0.2747
vn -0.8489 -0.3789 0.3687
vn 0.3020 -0.0655 0.9510
vn -0.8048 -0.4403 -0.3980
vn -0.4373 -0.7386 0.5131
vn 0.9465 0.1322 0.2945
vn 0.1436 -0.2333 -0.9617
vn -0.6723 -0.6850 0.2809
vn 0.3884 -0.1166 0.9141
vn 0.8787 -0.0079 -0.4773
vn -0.7380 -0.5737 -0.3552
vn 0.0151 -0.9143 0.4049
vn -0.0028 -0.9914 0.1309
vn -0.3755 -0.8808 -0.2884
vn 0.2324 -0.1512 0.9608
vn 0.9432 -0.0839 0.3216
vn 0.1716 0.0014 -0.9852
vn 0.7081 0.0311 -0.7054
vn 0.5222 0.0429 0.8517
vn 0.0923 0.3182 -0.9435
vn -0.8779 -0.2048 -0.4329
vn -0.9254 -0.0644 0.3735
vn -0.7169 -0.1428 0.6824
vn 0.3269 -0.2068 0.9221
vn 0.9592 0.0692 0.2740
vn -0.9201 0.0344 -0.3902
vn 0.7400 0.0338 -0.6718
vn 0.9639 0.0442 0.2626
vn 0.3502 -0.0428 0.9357
vn -0.5586 -0.0933 0.8242
vn -0.9336 -0.1258 0.3354
vn -0.8688 -0.1651 -0.4669
vn 0.1480 -0.0605 -0.9871
vn 0.7353 -0.0344 -0.6769
vn 0.9571 -0.0030 0.2899
vn 0.3415 -0.3372 0.8773
vn -0.6197 -0.3194 0.7169
vn -0.9047 -0.1981 0.3773
vn -0.9268 -0.0644 -0.3700
vn 0.7647 0.1794 -0.6189
vn 0.7200 0.2811 -0.6345
vn 0.3832 0.0415 0.9227
vn -0.7927 -0.0267 -0.6091
vn -0.3955 -0.0172 0.9183
vn 0.0545 0.0098 -0.9985
vn 0.9671 0.1729 0.1869
vn 0.6609 0.0312 -0.7498
vn -0.9525 -0.0432 0.3015
vn 0.0509 -0.0555 -0.9972
vn -0.9286 0.3299 0.1699
vn 0.0759 0.9772 0.1983
vn 0.6817 0.0171 -0.7314
vn 0.9726 0.2310 0.0249
vn -0.7933 -0.0060 -0.6088
vn -0.1356 0.9669 0.2159
vn 0.6725 -0.2204 -0.7065
vn -0.7751 -0.2120 -0.5952
vn -0.4312 -0.0751 0.8992
vn 0.9777 -0.2099 0.0001
vn 0.0106 -0.3352 -0.9421
vn -0.9741 -0.1762 0.1413
vn 0.3529 -0.0672 0.9332
vn -0.0000 -1.0000 -0.0000
vn -0.0156 0.9324 0.3610
vn -0.0158 0.9218 -0.3874
vn 0.0243 0.0875 -0.9959
vn -0.0192 -0.9388 0.3439
vn -0.0186 -0.9334 -0.3584
vn 0.9718 -0.0000 -0.2358
vn 0.0967 -0.2736 -0.9570
vn 0.5770 0.0907 0.8117
vn 0.8595 0.0839 -0.5043
vn 0.1483 0.0206 -0.9887
vn 0.9258 0.0746 0.3705
vn 0.9294 0.1302 0.3453
vn 0.8983 0.0446 -0.4371
vn 0.4688 0.0560 0.8815
vn 0.0096 -0.9607 -0.2774
vn -0.0751 0.8921 0.4456
vn -0.0953 -0.8871 -0.4515
vn -0.0999 -0.9388 0.3297
vn -0.0963 0.8994 -0.4264
vn -0.0605 0.0493 -0.9970
vn 0.9485 -0.0207 -0.3160
vn 0.2135 0.7230 0.6571
vn 0.1219 -0.5146 -0.8487
vn 0.1889 0.6348 0.7492
vn 0.5184 -0.3126 -0.7959
vn 0.3054 -0.3827 0.8719
vn 0.0436 -0.9477 -0.3161
vn 0.2651 0.0068 0.9642
vn 0.3194 0.0680 -0.9452
vn 0.2914 0.0913 0.9522
vn 0.1556 -0.2470 -0.9565
vn 0.2930 0.0818 0.9526
vn 0.1714 -0.0020 -0.9852
vn 0.3839 -0.1650 0.9085
vn -0.2689 -0.9071 -0.3238
vn -0.0025 -0.9942 0.1079
vn -0.1041 -0.9134 0.3935
vn -0.5174 0.5088 0.6880
vn -0.1909 0.8599 -0.4734
vn -0.0323 0.9802 0.1953
vn 0.0654 0.9603 -0.2713
vn 0.3144 0.0291 -0.9488
vn 0.0859 0.9220 -0.3775
vn 0.1816 0.0354 0.9827
vn -0.0715 0.8546 0.5144
vn 0.2132 -0.0000 0.9770
vn 0.0970 -0.0000 0.9953
vn 0.3969 -0.0000 -0.9179
vn -0.0299 0.9995 -0.0077
vn -0.0356 0.9993 -0.0085
vn 0.1532 -0.9560 0.2500
vn 0.8974 0.0623 -0.4369
vn 0.9080 0.0657 -0.4139
vn 0.9202 -0.0573 -0.3871
vn 0.8722 0.0707 -0.4839
vn 0.8192 0.0194 -0.5732
vn 0.7621 0.0437 -0.6460
vn 0.2649 -0.9576 -0.1135
vn 0.9366 -0.1042 -0.3345
vn 0.4855 -0.1016 -0.8683
vn 0.1820 -0.0000 -0.9833
vn -0.0286 0.9996 -0.0085
vn -0.0563 0.9978 -0.0349
vn 0.9871 -0.0097 0.1600
vn 0.5045 -0.8317 0.2320
vn 0.2335 0.0810 0.9690
vn -0.0236 0.9964 -0.0811
vn 0.9518 -0.0680 0.2989
vn 0.4892 -0.0566 0.8703
vn -0.0766 0.0351 -0.9964
vn -0.0570 0.8918 -0.4488
vn -0.0919 -0.9613 0.2599
vn -0.0822 -0.9416 -0.3265
vn -0.0704 0.8739 0.4809
vn -0.0084 0.8430 -0.5379
vn 0.2449 0.6195 -0.7458
vn 0.3154 0.1813 0.9315
vn -0.1124 -0.0009 0.9937
vn 0.1445 0.2774 0.9498
vn 0.2206 0.2509 -0.9425
vn 0.1816 0.1624 -0.9699
vn 0.3738 0.0931 -0.9228
vn 0.2131 0.8713 0.4420
vn 0.1400 0.8339 0.5338
vn 0.6573 -0.2413 0.7139
vn 0.1299 0.8860 -0.4451
vn 0.0846 0.2746 -0.9578
vn 0.0331 0.8840 -0.4664
vn 0.1563 0.9245 -0.3476
vn -0.0763 0.0278 -0.9967
vn -0.1209 -0.0076 0.9926
vn 0.0256 0.0315 0.9992
vn 0.0172 0.0304 0.9994
vn 0.0256 0.0316 0.9992
vn 0.6891 -0.0259 0.7242
vn -0.0000 -0.1055 0.9944
vn -0.5614 -0.0658 0.8250
vn 0.0001 0.0287 0.9996
vn 0.0089 0.0294 0.9995
vn -0.0110 0.0225 0.9997
vn 0.9914 0.1000 0.0845
vn 0.4815 -0.0181 0.8763
vn 0.2451 0.1190 -0.9622
vn -0.0753 -0.9771 -0.1992
vn -0.1125 0.0043 0.9936
vn 0.3529 0.2649 0.8974
vn 0.6215 -0.0463 0.7821
vn 0.6321 0.1024 0.7681
vn -0.0911 -0.9788 0.1833
vn -0.0572 0.8856 -0.4610
vn -0.1125 0.0056 0.9936
vn -0.0717 0.8493 0.5229
vn -0.0734 -0.9834 -0.1659
vn -0.0908 -0.9826 0.1619
vn -0.0573 0.8840 -0.4640
vn -0.0762 0.0261 -0.9968
vn 0.7450 0.0421 -0.6658
vn 0.2054 -0.0131 -0.9786
vn -0.8865 -0.0795 -0.4559
vn -0.9239 -0.0872 0.3725
vn -0.7806 -0.0875 0.6188
vn 0.2713 -0.0065 0.9625
vn 0.9646 0.0524 0.2583
vn 0.7437 0.0491 -0.6667
vn -0.0062 -0.9263 -0.3768
vn -0.0064 -0.9324 0.3613
vn 0.0083 0.0855 -0.9963
vn -0.0052 0.9142 -0.4051
vn -0.0051 0.9260 0.3775
vn -0.2688 -0.0000 0.9632
vn -0.5711 -0.0000 -0.8209
vn -0.2323 -0.9714 -0.0485
vn -0.0843 -0.9235 0.3741
vn -0.2293 -0.9675 0.1066
vn -0.1006 -0.9409 -0.3235
vn -0.9649 -0.0000 0.2627
vn -0.1790 -0.9646 -0.1939
vn -0.1655 -0.9565 0.2403
vn -0.9696 0.0767 -0.2325
vn -0.9806 0.1959 0.0084
vn -0.2629 -0.9490 0.1740
vn -0.3086 0.0581 -0.9494
vn -0.2086 0.0418 -0.9771
vn -0.2641 -0.9575 -0.1158
vn -0.1375 0.0566 -0.9889
vn -0.0587 -0.9659 0.2521
vn -0.9615 -0.2682 0.0603
vn -0.9213 -0.3331 -0.2009
vn -0.9807 0.1952 -0.0140
vn -0.0517 0.9265 -0.3726
vn -0.0570 -0.9352 0.3494
vn -0.0565 -0.9286 -0.3667
vn -0.0405 0.9261 0.3751
vn 0.0239 0.0929 -0.9954
vn 0.0282 0.9996 -0.0074
vn -0.0310 0.9656 -0.2582
vn 0.0677 0.9801 0.1866
vn -0.1478 0.9884 -0.0337
vn 0.2362 0.8423 -0.4845
vn 0.8228 0.5204 0.2285
vn 0.7145 0.6779 -0.1731
vn 0.3312 0.4820 0.8111
vn 0.0048 0.9062 0.4229
vn 0.0049 0.8918 -0.4525
vn -0.0083 0.0852 -0.9963
vn 0.0060 -0.9140 0.4057
vn 0.0058 -0.9065 -0.4222
vn 0.0001 0.0843 -0.9964
vn 0.0001 -0.8947 0.4467
vn 0.0002 -0.8857 -0.4642
vn -0.0003 0.8857 0.4642
vn -0.0002 0.8686 -0.4954
vn 0.5588 -0.7400 0.3744
vn 0.5859 -0.7322 -0.3472
vn 0.5813 0.7105 0.3966
vn 0.5876 0.7054 -0.3964
vn 0.5756 -0.0149 -0.8176
vn -0.0002 0.9074 0.4202
vn -0.0001 0.8932 -0.4496
vn 0.0001 -0.0623 -0.9981
vn 0.0001 -0.9077 0.4195
vn 0.0001 -0.8950 -0.4460
vn -0.6653 -0.6832 0.3010
vn -0.6413 -0.6746 -0.3656
vn -0.6924 0.6633 0.2839
vn -0.6847 0.6436 -0.3420
vn -0.6356 -0.0116 -0.7719
vn -0.9987 0.0495 -0.0110
vn -0.0818 -0.9203 -0.3825
vn -0.9981 0.0486 -0.0387
vn -0.0818 -0.9281 0.3632
vn -0.0242 0.0877 -0.9959
vn -0.0777 0.9132 -0.4001
vn -0.0795 0.9261 0.3688
vn 0.0123 -0.9294 -0.3690
vn 0.0126 -0.9352 0.3540
vn -0.0161 0.0864 -0.9961
vn 0.0101 0.9175 -0.3977
vn 0.0098 0.9287 0.3706
vn -0.0019 0.8448 0.5351
vn 0.0359 0.8892 -0.4562
vn -0.5968 -0.7642 -0.2445
vn -0.2273 0.0603 -0.9719
vn -0.7608 0.0501 -0.6470
vn -0.9653 0.0525 0.2557
vn -0.2516 -0.0083 0.9678
vn 0.8066 -0.0892 0.5844
vn 0.9247 -0.0872 0.3705
vn 0.6878 -0.4050 0.6024
vn 0.8799 -0.0791 -0.4686
vn -0.2182 -0.0121 -0.9758
vn -0.8328 -0.1690 -0.5271
vn -0.3139 -0.3736 -0.8729
vn -0.9487 0.1563 0.2747
vn 0.8489 -0.3789 0.3687
vn -0.3020 -0.0655 0.9510
vn 0.8048 -0.4403 -0.3980
vn 0.4373 -0.7386 0.5131
vn -0.9465 0.1322 0.2945
vn -0.1436 -0.2333 -0.9617
vn 0.6723 -0.6850 0.2809
vn -0.3884 -0.1166 0.9141
vn -0.8787 -0.0079 -0.4773
vn 0.7380 -0.5737 -0.3552
vn -0.0151 -0.9143 0.4049
vn 0.0028 -0.9914 0.1309
vn 0.3755 -0.8808 -0.2884
vn -0.2324 -0.1512 0.9608
vn -0.9432 -0.0839 0.3216
vn -0.1716 0.0014 -0.9852
vn -0.7081 0.0311 -0.7054
vn -0.5222 0.0429 0.8517
vn -0.0923 0.3182 -0.9435
vn 0.8779 -0.2048 -0.4329
vn 0.9254 -0.0644 0.3735
vn 0.7169 -0.1428 0.6824
vn -0.3269 -0.2068 0.9221
vn -0.9592 0.0692 0.2740
vn 0.9201 0.0344 -0.3902
vn -0.7400 0.0338 -0.6718
vn -0.9639 0.0442 0.2626
vn -0.3502 -0.0428 0.9357
vn 0.5586 -0.0933 0.8242
vn 0.9336 -0.1258 0.3354
vn 0.8688 -0.1651 -0.4669
vn -0.1480 -0.0605 -0.9871
vn -0.7353 -0.0344 -0.6769
vn -0.9571 -0.0030 0.2899
vn -0.3415 -0.3372 0.8773
vn 0.6197 -0.3194 0.7169
vn 0.9047 -0.1981 0.3773
vn 0.9268 -0.0644 -0.3700
vn -0.7647 0.1794 -0.6189
vn -0.7200 0.2811 -0.6345
vn -0.3832 0.0415 0.9227
vn 0.7927 -0.0267 -0.6091
vn 0.3955 -0.0172 0.9183
vn -0.0545 0.0098 -0.9985
vn -0.9671 0.1729 0.1869
vn -0.6609 0.0312 -0.7498
vn 0.9525 -0.0432 0.3015
vn -0.0509 -0.0555 -0.9972
vn 0.9286 0.3299 0.1699
vn -0.0759 0.9772 0.1983
vn -0.6817 0.0171 -0.7314
vn -0.9726 0.2310 0.0249
vn 0.7933 -0.0060 -0.6088
vn 0.1356 0.9669 0.2159
vn -0.6725 -0.2204 -0.7065
vn 0.7751 -0.2120 -0.5952
vn 0.4312 -0.0751 0.8992
vn -0.9777 -0.2099 0.0001
vn -0.0106 -0.3352 -0.9421
vn 0.9741 -0.1762 0.1413
vn -0.3529 -0.0672 0.9332
vn 0.0156 0.9324 0.3610
vn 0.0158 0.9218 -0.3874
vn -0.0243 0.0875 -0.9959
vn 0.0192 -0.9388 0.3439
vn 0.0186 -0.9334 -0.3584
vn -0.9718 -0.0000 -0.2358
vn -0.0967 -0.2736 -0.9570
vn -0.5770 0.0907 0.8117
vn -0.8595 0.0839 -0.5043
vn -0.1483 0.0206 -0.9887
vn -0.9258 0.0746 0.3705
vn -0.9294 0.1302 0.3453
vn -0.8983 0.0446 -0.4371
vn -0.4688 0.0560 0.8815
vn -0.0096 -0.9607 -0.2774
vn 0.0751 0.8921 0.4456
vn 0.0953 -0.8871 -0.4515
vn 0.0999 -0.9388 0.3297
vn 0.0963 0.8994 -0.4264
vn 0.0605 0.0493 -0.9970
vn -0.9485 -0.0207 -0.3160
vn -0.2135 0.7230 0.6571
vn -0.1219 -0.5146 -0.8487
vn -0.1889 0.6348 0.7492
vn -0.5184 -0.3126 -0.7959
vn -0.3054 -0.3827 0.8719
vn -0.0436 -0.9477 -0.3161
vn -0.2651 0.0068 0.9642
vn -0.3194 0.0680 -0.9452
vn -0.2914 0.0913 0.9522
vn -0.1556 -0.2470 -0.9565
vn -0.2930 0.0818 0.9526
vn -0.1714 -0.0020 -0.9852
vn -0.3839 -0.1650 0.9085
vn 0.2689 -0.9071 -0.3238
vn 0.0025 -0.9942 0.1079
vn 0.1041 -0.9134 0.3935
vn 0.5174 0.5088 0.6880
vn 0.1909 0.8599 -0.4734
vn 0.0323 0.9802 0.1953
vn -0.0654 0.9603 -0.2713
vn -0.3144 0.0291 -0.9488
vn -0.0859 0.9220 -0.3775
vn -0.1816 0.0354 0.9827
vn 0.0715 0.8546 0.5144
vn -0.2132 -0.0000 0.9770
vn -0.0970 -0.0000 0.9953
vn -0.3969 -0.0000 -0.9179
vn 0.0299 0.9995 -0.0077
vn 0.0356 0.9993 -0.0085
vn -0.1532 -0.9560 0.2500
vn -0.8974 0.0623 -0.4369
vn -0.9080 0.0657 -0.4139
vn -0.9202 -0.0573 -0.3871
vn -0.8722 0.0707 -0.4839
vn -0.8192 0.0194 -0.5732
vn -0.7621 0.0437 -0.6460
vn -0.2649 -0.9576 -0.1135
vn -0.9366 -0.1042 -0.3345
vn -0.4855 -0.1016 -0.8683
vn -0.1820 -0.0000 -0.9833
vn 0.0286 0.9996 -0.0085
vn 0.0563 0.9978 -0.0349
vn -0.9871 -0.0097 0.1600
vn -0.5045 -0.8317 0.2320
vn -0.2335 0.0810 0.9690
vn 0.0236 0.9964 -0.0811
vn -0.9518 -0.0680 0.2989
vn -0.4892 -0.0566 0.8703
vn 0.0766 0.0351 -0.9964
vn 0.0570 0.8918 -0.4488
vn 0.0919 -0.9613 0.2599
vn 0.0822 -0.9416 -0.3265
vn 0.0704 0.8739 0.4809
vn 0.0084 0.8430 -0.5379
vn -0.2449 0.6195 -0.7458
vn -0.3154 0.1813 0.9315
vn 0.1124 -0.0009 0.9937
vn -0.1445 0.2774 0.9498
vn -0.2206 0.2509 -0.9425
vn -0.1816 0.1624 -0.9699
vn -0.3738 0.0931 -0.9228
vn -0.2131 0.8713 0.4420
vn -0.1400 0.8339 0.5338
vn -0.6573 -0.2413 0.7139
vn -0.1299 0.8860 -0.4451
vn -0.0846 0.2746 -0.9578
vn -0.0331 0.8840 -0.4664
vn -0.1563 0.9245 -0.3476
vn 0.0763 0.0278 -0.9967
vn 0.1209 -0.0076 0.9926
vn -0.0256 0.0315 0.9992
vn -0.0172 0.0304 0.9994
vn -0.0256 0.0316 0.9992
vn -0.6891 -0.0259 0.7242
vn 0.5614 -0.0658 0.8250
vn -0.0001 0.0287 0.9996
vn -0.0089 0.0294 0.9995
vn 0.0110 0.0225 0.9997
vn -0.9914 0.1000 0.0845
vn -0.4815 -0.0181 0.8763
vn -0.2451 0.1190 -0.9622
vn 0.0753 -0.9771 -0.1992
vn 0.1125 0.0043 0.9936
vn -0.3529 0.2649 0.8974
vn -0.6215 -0.0463 0.7821
vn -0.6321 0.1024 0.7681
vn 0.0911 -0.9788 0.1833
vn 0.0572 0.8856 -0.4610
vn 0.1125 0.0056 0.9936
vn 0.0717 0.8493 0.5229
vn 0.0734 -0.9834 -0.1659
vn 0.0908 -0.9826 0.1619
vn 0.0573 0.8840 -0.4640
vn 0.0762 0.0261 -0.9968
vn -0.7450 0.0421 -0.6658
vn -0.2054 -0.0131 -0.9786
vn 0.8865 -0.0795 -0.4559
vn 0.9239 -0.0872 0.3725
vn 0.7806 -0.0875 0.6188
vn -0.2713 -0.0065 0.9625
vn -0.9646 0.0524 0.2583
vn -0.7437 0.0491 -0.6667
vn 0.0062 -0.9263 -0.3768
vn 0.0064 -0.9324 0.3613
vn -0.0083 0.0855 -0.9963
vn 0.0052 0.9142 -0.4051
vn 0.0051 0.9260 0.3775
vt 0.397403 0.529017
vt 0.422703 0.532955
vt 0.435841 0.789569
vt 0.403984 0.787749
vt 0.112813 0.693730
vt 0.075947 0.694846
vt 0.085422 0.434368
vt 0.130258 0.435225
vt 0.085067 0.785905
vt 0.066447 0.772948
vt 0.162725 0.711494
vt 0.341962 0.453151
vt 0.357532 0.456509
vt 0.320356 0.507907
vt 0.368715 0.459033
vt 0.388361 0.440227
vt 0.476449 0.505621
vt 0.048997 0.773399
vt 0.032934 0.775705
vt 0.000384 0.716488
vt 0.505025 0.781254
vt 0.618381 0.830869
vt 0.614617 0.919892
vt 0.598039 0.903068
vt 0.603290 0.836403
vt 0.565072 0.943395
vt 0.564336 0.915343
vt 0.748094 0.936558
vt 0.771784 0.877037
vt 0.791861 0.876196
vt 0.765028 0.946490
vt 0.420303 0.159909
vt 0.407809 0.000384
vt 0.456671 0.002979
vt 0.464468 0.157626
vt 0.501091 0.223483
vt 0.502951 0.281035
vt 0.472015 0.284059
vt 0.468451 0.224697
vt 0.757422 0.844145
vt 0.743059 0.811254
vt 0.758893 0.800550
vt 0.775386 0.837581
vt 0.505025 0.005782
vt 0.500453 0.159191
vt 0.663926 0.976744
vt 0.706201 0.962462
vt 0.716054 0.984315
vt 0.665184 0.999617
vt 0.505792 0.826839
vt 0.569088 0.803757
vt 0.564159 0.823819
vt 0.522878 0.836263
vt 0.505792 0.914734
vt 0.524012 0.899409
vt 0.699019 0.767853
vt 0.663926 0.768492
vt 0.672916 0.654842
vt 0.714228 0.654772
vt 0.850082 0.763587
vt 0.806878 0.761869
vt 0.806935 0.646309
vt 0.853570 0.648026
vt 0.765291 0.765473
vt 0.761983 0.650062
vt 0.954370 0.768492
vt 0.912023 0.767119
vt 0.901209 0.652851
vt 0.945850 0.654815
vt 0.125767 0.895063
vt 0.119932 0.864989
vt 0.138968 0.868213
vt 0.141474 0.898923
vt 0.141567 0.813238
vt 0.153121 0.798351
vt 0.164182 0.814440
vt 0.152929 0.827662
vt 0.135567 0.913701
vt 0.151940 0.908420
vt 0.121707 0.867247
vt 0.128910 0.835750
vt 0.142431 0.843380
vt 0.151438 0.892206
vt 0.160471 0.899491
vt 0.154315 0.848283
vt 0.150034 0.868322
vt 0.172088 0.822396
vt 0.162924 0.834245
vt 0.943505 0.616794
vt 0.899858 0.616975
vt 0.897352 0.465702
vt 0.941268 0.469063
vt 0.715611 0.618881
vt 0.675267 0.616839
vt 0.677361 0.469010
vt 0.718254 0.467615
vt 0.762678 0.614933
vt 0.763199 0.464914
vt 0.852926 0.612914
vt 0.806989 0.609415
vt 0.807123 0.462728
vt 0.852548 0.462961
vt 0.718415 0.452813
vt 0.763257 0.450071
vt 0.807140 0.448622
vt 0.852498 0.448126
vt 0.897201 0.450898
vt 0.941079 0.454990
vt 0.677556 0.454935
vt 0.940975 0.446586
vt 0.897115 0.442083
vt 0.897033 0.433276
vt 0.940874 0.438182
vt 0.718505 0.443997
vt 0.677663 0.446531
vt 0.677767 0.438127
vt 0.718592 0.435191
vt 0.763294 0.441251
vt 0.763332 0.432440
vt 0.852467 0.439302
vt 0.807145 0.440204
vt 0.807150 0.431791
vt 0.852437 0.430489
vt 0.509689 0.674096
vt 0.512589 0.613508
vt 0.557351 0.613858
vt 0.559552 0.669994
vt 0.517562 0.557200
vt 0.556853 0.562345
vt 0.505792 0.783700
vt 0.515089 0.731811
vt 0.562596 0.732535
vt 0.556707 0.802990
vt 0.517871 0.503182
vt 0.505793 0.455579
vt 0.554579 0.430917
vt 0.562637 0.499740
vt 0.598766 0.726589
vt 0.614180 0.797238
vt 0.615579 0.430490
vt 0.602146 0.502565
vt 0.596532 0.564677
vt 0.597521 0.616977
vt 0.598928 0.669534
vt 0.646545 0.618586
vt 0.641284 0.671255
vt 0.650111 0.564197
vt 0.640410 0.719108
vt 0.653020 0.766618
vt 0.663159 0.463148
vt 0.647549 0.510446
vt 0.766492 0.351433
vt 0.766492 0.392308
vt 0.735975 0.415308
vt 0.729763 0.337208
vt 0.762290 0.636722
vt 0.806953 0.630477
vt 0.698931 0.397762
vt 0.694358 0.357272
vt 0.853279 0.634688
vt 0.714782 0.641053
vt 0.674635 0.638201
vt 0.900664 0.639141
vt 0.944207 0.638156
vt 0.806967 0.625133
vt 0.762404 0.631128
vt 0.762559 0.622595
vt 0.806980 0.616926
vt 0.853174 0.629099
vt 0.853031 0.620572
vt 0.715006 0.635229
vt 0.715333 0.626565
vt 0.674763 0.632671
vt 0.675005 0.624342
vt 0.944059 0.632616
vt 0.900446 0.633322
vt 0.900129 0.624660
vt 0.943788 0.624287
vt 0.638193 0.366452
vt 0.647945 0.421227
vt 0.638162 0.420841
vt 0.626158 0.367890
vt 0.385648 0.434013
vt 0.388946 0.382768
vt 0.403086 0.381578
vt 0.395279 0.434851
vt 0.376174 0.294248
vt 0.331833 0.278043
vt 0.333124 0.274636
vt 0.386655 0.285689
vt 0.238607 0.567594
vt 0.250314 0.567390
vt 0.255675 0.593192
vt 0.243846 0.593132
vt 0.250678 0.643585
vt 0.238918 0.643305
vt 0.237458 0.694205
vt 0.225439 0.691447
vt 0.214752 0.732653
vt 0.204227 0.727789
vt 0.193403 0.763463
vt 0.183619 0.758181
vt 0.255958 0.699770
vt 0.227427 0.735412
vt 0.183619 0.459920
vt 0.192815 0.454431
vt 0.216598 0.499001
vt 0.205231 0.502781
vt 0.244284 0.540358
vt 0.232329 0.541750
vt 0.267145 0.531042
vt 0.271774 0.561867
vt 0.231146 0.490673
vt 0.277357 0.593040
vt 0.278995 0.646469
vt 0.203435 0.771162
vt 0.203032 0.446366
vt 0.278411 0.717628
vt 0.242309 0.750797
vt 0.301295 0.593719
vt 0.310102 0.650745
vt 0.250016 0.478348
vt 0.304707 0.522403
vt 0.214979 0.781807
vt 0.302916 0.558285
vt 0.213990 0.434368
vt 0.792342 0.026721
vt 0.786180 0.007018
vt 0.845595 0.002905
vt 0.846115 0.012719
vt 0.887918 0.005817
vt 0.888126 0.011254
vt 0.846644 0.022538
vt 0.829048 0.312318
vt 0.839429 0.295657
vt 0.888126 0.325743
vt 0.887059 0.331094
vt 0.761388 0.061197
vt 0.748234 0.012894
vt 0.629881 0.156186
vt 0.682314 0.159942
vt 0.682322 0.218984
vt 0.629083 0.223441
vt 0.726033 0.291098
vt 0.786101 0.288733
vt 0.784968 0.331089
vt 0.725090 0.332017
vt 0.378840 0.163178
vt 0.430574 0.227042
vt 0.381236 0.229298
vt 0.564657 0.151171
vt 0.588310 0.153806
vt 0.594627 0.222108
vt 0.561426 0.222170
vt 0.226238 0.235235
vt 0.227093 0.212441
vt 0.266312 0.202105
vt 0.270552 0.223436
vt 0.315361 0.213272
vt 0.314174 0.223828
vt 0.059191 0.219514
vt 0.055665 0.229666
vt 0.021475 0.222185
vt 0.025141 0.212147
vt 0.094317 0.229139
vt 0.093282 0.239914
vt 0.133709 0.233998
vt 0.132219 0.245414
vt 0.178217 0.233166
vt 0.180557 0.244778
vt 0.212649 0.004123
vt 0.179000 0.221384
vt 0.180226 0.005032
vt 0.136357 0.222294
vt 0.151128 0.005523
vt 0.095238 0.217026
vt 0.115006 0.005217
vt 0.059655 0.208815
vt 0.093390 0.004741
vt 0.025369 0.201504
vt 0.064883 0.000384
vt 0.274906 0.000384
vt 0.312934 0.202063
vt 0.237311 0.004665
vt 0.203190 0.239976
vt 0.054065 0.884406
vt 0.062092 0.921356
vt 0.051916 0.926522
vt 0.042698 0.880579
vt 0.107015 0.797038
vt 0.091061 0.821408
vt 0.083518 0.816968
vt 0.099468 0.792109
vt 0.078011 0.937458
vt 0.070007 0.948221
vt 0.079762 0.837633
vt 0.072204 0.833484
vt 0.068011 0.860717
vt 0.058146 0.856114
vt 0.066716 0.860019
vt 0.107015 0.947070
vt 0.103577 0.958151
vt 0.063087 0.829020
vt 0.075343 0.810554
vt 0.100645 0.968469
vt 0.018531 0.957711
vt 0.004901 0.941290
vt 0.000384 0.907655
vt 0.049330 0.849364
vt 0.091796 0.786672
vt 0.935920 0.052123
vt 0.941983 0.081451
vt 0.924470 0.084639
vt 0.918966 0.059049
vt 0.902353 0.000384
vt 0.925107 0.027377
vt 0.907929 0.034684
vt 0.888893 0.012920
vt 0.941162 0.195661
vt 0.934271 0.219542
vt 0.915668 0.212357
vt 0.920299 0.191435
vt 0.948619 0.155245
vt 0.927425 0.155668
vt 0.904960 0.285837
vt 0.888893 0.276881
vt 0.888893 0.370329
vt 0.952771 0.366838
vt 0.934084 0.388903
vt 0.907336 0.388903
vt 0.891714 0.299295
vt 0.944365 0.297486
vt 0.925905 0.286604
vt 0.490687 0.819780
vt 0.490154 0.804211
vt 0.495621 0.804229
vt 0.496154 0.819798
vt 0.490778 0.839700
vt 0.496245 0.839718
vt 0.824060 0.328605
vt 0.558438 0.000384
vt 0.580803 0.000599
vt 0.367838 0.002588
vt 0.619933 0.000633
vt 0.693591 0.000384
vt 0.772581 0.114126
vt 0.784177 0.173266
vt 0.723992 0.178438
vt 0.712987 0.115306
vt 0.785712 0.209835
vt 0.787256 0.246404
vt 0.726979 0.250181
vt 0.725491 0.214310
vt 0.703231 0.066979
vt 0.713162 0.781458
vt 0.703489 0.800851
vt 0.663926 0.790448
vt 0.665690 0.769259
vt 0.860700 0.983912
vt 0.868496 0.922129
vt 0.887256 0.921806
vt 0.876801 0.985548
vt 0.203568 0.784320
vt 0.201609 0.838182
vt 0.183619 0.838599
vt 0.187190 0.782574
vt 0.871049 0.835951
vt 0.857282 0.774011
vt 0.873098 0.769259
vt 0.890084 0.834635
vt 0.203107 0.925380
vt 0.208744 0.979422
vt 0.192620 0.980478
vt 0.185134 0.927291
vt 0.110110 0.865537
vt 0.110482 0.835245
vt 0.553133 0.392583
vt 0.554812 0.363492
vt 0.594114 0.370523
vt 0.574572 0.404884
vt 0.119440 0.806938
vt 0.129338 0.786672
vt 0.522504 0.389943
vt 0.519811 0.364671
vt 0.139197 0.948915
vt 0.117766 0.922242
vt 0.155304 0.938233
vt 0.694358 0.023366
vt 0.505792 0.002192
vt 0.512108 0.155298
vt 0.490620 0.873728
vt 0.491726 0.862940
vt 0.497193 0.862958
vt 0.496087 0.873746
vt 0.514337 0.223635
vt 0.801962 0.046280
vt 0.885991 0.336441
vt 0.887723 0.000384
vt 0.164827 0.920883
vt 0.172088 0.908969
vt 0.432101 0.287248
vt 0.450081 0.439460
vt 0.421586 0.437734
vt 0.431880 0.398974
vt 0.460838 0.412345
vt 0.558492 0.270780
vt 0.515373 0.271716
vt 0.802048 0.978405
vt 0.800941 0.923233
vt 0.808841 0.923103
vt 0.808922 0.979045
vt 0.489422 0.887616
vt 0.494888 0.887634
vt 0.320356 0.786248
vt 0.489422 0.790484
vt 0.494888 0.790502
vt 0.431437 0.915666
vt 0.397790 0.939045
vt 0.399177 0.865117
vt 0.443820 0.864755
vt 0.320356 0.790337
vt 0.400391 0.798098
vt 0.320369 0.865255
vt 0.733266 0.969839
vt 0.326250 0.004827
vt 0.340276 0.164287
vt 0.338712 0.223633
vt 0.182852 0.438689
vt 0.000384 0.434551
vt 0.320356 0.953371
vt 0.427885 0.805688
vt 0.109131 0.897550
vt 0.107782 0.869242
vt 0.646466 0.282604
vt 0.631537 0.274907
vt 0.688433 0.257154
vt 0.690063 0.260398
vt 0.297726 0.847764
vt 0.275457 0.897629
vt 0.275457 0.782574
vt 0.286609 0.814351
vt 0.627769 0.219566
vt 0.679269 0.206924
vt 0.597558 0.275442
vt 0.594529 0.221453
vt 0.259117 0.837809
vt 0.259008 0.924786
vt 0.260560 0.976279
vt 0.810699 0.840517
vt 0.806513 0.788592
vt 0.256052 0.789501
vt 0.485334 0.399441
vt 0.474372 0.369035
vt 0.505025 0.367198
vt 0.504962 0.398993
vt 0.440373 0.354723
vt 0.443236 0.379996
vt 0.475050 0.344018
vt 0.504974 0.344372
vt 0.612307 0.424525
vt 0.584118 0.429722
vt 0.266707 0.837758
vt 0.266413 0.924720
vt 0.263041 0.789983
vt 0.802713 0.841122
vt 0.799749 0.790449
vt 0.267444 0.975870
vt 0.792628 0.923369
vt 0.794309 0.841764
vt 0.794810 0.977736
vt 0.270397 0.790461
vt 0.274690 0.837717
vt 0.792628 0.792390
vt 0.274204 0.924652
vt 0.274690 0.975441
vt 0.235373 0.421669
vt 0.208618 0.427639
vt 0.276076 0.402004
vt 0.325483 0.401691
vt 0.037255 0.404532
vt 0.000384 0.396279
vt 0.079569 0.415300
vt 0.128789 0.427943
vt 0.181844 0.433601
vt 0.458380 0.862830
vt 0.457432 0.839590
vt 0.456807 0.804101
vt 0.456075 0.790374
vt 0.456075 0.887507
vt 0.457274 0.873618
vt 0.457340 0.819670
vt 0.445852 0.819633
vt 0.445319 0.804063
vt 0.450905 0.804082
vt 0.451438 0.819651
vt 0.445943 0.839552
vt 0.451529 0.839571
vt 0.445786 0.873580
vt 0.446892 0.862792
vt 0.452478 0.862810
vt 0.451372 0.873599
vt 0.444587 0.887469
vt 0.450173 0.887487
vt 0.444587 0.790337
vt 0.450173 0.790355
s 0
usemtl Default_Human
f 11/1/1 9/2/1 214/3/1 12/4/1
f 7/5/2 10/6/2 213/7/2 2/8/2
f 210/9/3 211/10/3 7/5/3 8/11/3
f 212/12/4 13/13/4 11/1/4 6/14/4
f 15/15/5 210/16/5 8/17/5 9/2/5
f 14/18/6 215/19/6 5/20/6 10/6/6
f 9/2/7 8/17/7 1/21/7 214/3/7
f 211/10/8 14/18/8 10/6/8 7/5/8
f 13/13/9 15/15/9 9/2/9 11/1/9
f 201/22/10 199/23/10 30/24/10 29/25/10
f 199/23/11 200/26/11 32/27/11 30/24/11
f 194/28/12 197/29/12 240/30/12 242/31/12
f 190/32/13 239/33/13 244/34/13 231/35/13
f 16/36/14 28/37/14 236/38/14 216/39/14
f 252/40/15 196/41/15 239/42/15 253/43/15
f 231/35/16 244/34/16 241/44/16 193/45/16
f 195/46/17 232/47/17 245/48/17 243/49/17
f 203/50/18 204/51/18 31/52/18 33/53/18
f 204/51/19 201/22/19 29/25/19 31/52/19
f 200/26/20 202/54/20 34/55/20 32/27/20
f 30/56/21 32/57/21 38/58/21 36/59/21
f 33/60/22 31/61/22 37/62/22 39/63/22
f 31/61/23 29/64/23 35/65/23 37/62/23
f 32/66/24 34/67/24 40/68/24 38/69/24
f 29/64/25 30/56/25 36/59/25 35/65/25
f 206/70/26 205/71/26 49/72/26 50/73/26
f 235/74/27 207/75/27 46/76/27 220/77/27
f 234/78/28 206/70/28 50/73/28 221/79/28
f 205/80/29 208/81/29 48/82/29 49/72/29
f 221/79/30 50/73/30 55/83/30 223/84/30
f 49/72/31 48/82/31 53/85/31 54/86/31
f 50/73/32 49/72/32 54/86/32 55/83/32
f 220/77/33 46/76/33 51/87/33 222/88/33
f 301/89/34 298/90/34 61/91/34 59/92/34
f 302/93/35 301/94/35 59/95/35 57/96/35
f 303/97/36 302/93/36 57/96/36 56/98/36
f 299/99/37 300/100/37 58/101/37 60/102/37
f 300/100/38 303/97/38 56/98/38 58/101/38
f 56/98/39 57/96/39 63/103/39 62/104/39
f 60/102/40 58/101/40 64/105/40 66/106/40
f 58/101/41 56/98/41 62/104/41 64/105/41
f 59/92/42 61/91/42 67/107/42 65/108/42
f 57/96/43 59/95/43 65/109/43 63/103/43
f 304/110/42 305/111/42 73/112/42 71/113/42
f 306/114/43 304/115/43 71/116/43 69/117/43
f 307/118/39 306/114/39 69/117/39 68/119/39
f 308/120/40 309/121/40 70/122/40 72/123/40
f 309/121/41 307/118/41 68/119/41 70/122/41
f 72/124/44 70/125/44 76/126/44 78/127/44
f 70/125/45 68/128/45 74/129/45 76/126/45
f 71/130/46 73/131/46 79/132/46 77/133/46
f 69/134/47 71/135/47 77/136/47 75/137/47
f 68/128/48 69/134/48 75/137/48 74/129/48
f 77/133/49 79/132/49 85/138/49 83/139/49
f 75/137/50 77/136/50 83/140/50 81/141/50
f 74/129/51 75/137/51 81/141/51 80/142/51
f 78/127/52 76/126/52 82/143/52 84/144/52
f 76/126/53 74/129/53 80/142/53 82/143/53
f 84/144/54 82/143/54 88/145/54 90/146/54
f 82/143/55 80/142/55 86/147/55 88/145/55
f 83/139/56 85/138/56 91/148/56 89/149/56
f 81/141/57 83/140/57 89/150/57 87/151/57
f 80/142/58 81/141/58 87/151/58 86/147/58
f 86/152/59 87/153/59 89/154/59 88/155/59
f 37/62/60 35/65/60 95/156/60 97/157/60
f 88/155/61 89/154/61 91/158/61 90/159/61
f 39/63/62 37/62/62 97/157/62 96/160/62
f 35/65/63 36/59/63 94/161/63 95/156/63
f 36/59/64 38/58/64 93/162/64 94/161/64
f 38/69/65 40/68/65 92/163/65 93/164/65
f 187/165/66 184/166/66 103/167/66 100/168/66
f 186/169/67 187/165/67 100/168/67 99/170/67
f 184/166/68 183/171/68 102/172/68 103/167/68
f 183/171/69 182/173/69 101/174/69 102/172/69
f 182/175/70 185/176/70 98/177/70 101/178/70
f 22/179/71 20/180/71 107/181/71 108/182/71
f 20/183/72 18/184/72 104/185/72 107/186/72
f 17/187/73 19/188/73 106/189/73 105/190/73
f 18/184/74 17/187/74 105/190/74 104/185/74
f 297/191/75 247/192/75 112/193/75 295/194/75
f 295/194/76 112/193/76 114/195/76 294/196/76
f 294/196/77 114/195/77 116/197/77 293/198/77
f 293/198/78 116/197/78 118/199/78 291/200/78
f 291/200/79 118/199/79 120/201/79 292/202/79
f 118/199/80 116/197/80 126/203/80 127/204/80
f 292/205/81 120/206/81 122/207/81 296/208/81
f 296/208/82 122/207/82 110/209/82 290/210/82
f 247/192/83 110/209/83 123/211/83 248/212/83
f 110/209/84 122/207/84 129/213/84 123/211/84
f 114/195/85 112/193/85 124/214/85 125/215/85
f 120/201/86 118/199/86 127/204/86 128/216/86
f 116/197/87 114/195/87 125/215/87 126/203/87
f 122/207/88 120/206/88 128/217/88 129/213/88
f 127/204/89 126/203/89 133/218/89 134/219/89
f 125/215/90 124/214/90 131/220/90 132/221/90
f 123/211/91 129/213/91 136/222/91 130/223/91
f 128/216/92 127/204/92 134/219/92 135/224/92
f 126/203/93 125/215/93 132/221/93 133/218/93
f 248/212/94 123/211/94 130/223/94 249/225/94
f 129/213/95 128/217/95 135/226/95 136/222/95
f 226/227/96 139/228/96 138/229/96 225/230/96
f 225/230/97 224/231/97 135/232/97 134/233/97
f 227/234/98 136/235/98 135/236/98 224/237/98
f 228/238/99 141/239/99 139/228/99 226/227/99
f 189/240/100 191/241/100 25/242/100 26/243/100
f 233/244/101 229/245/101 188/246/101 198/247/101
f 251/248/102 190/32/102 24/249/102 246/250/102
f 230/251/103 282/252/103 281/253/103 217/254/103
f 146/255/104 155/256/104 154/257/104 148/258/104
f 148/258/105 161/259/105 147/260/105
f 160/261/106 145/262/106 147/263/106 161/264/106
f 159/265/107 144/266/107 145/262/107 160/261/107
f 158/267/108 143/268/108 144/266/108 159/265/108
f 157/269/109 142/270/109 143/268/109 158/267/109
f 154/257/110 161/259/110 148/258/110
f 109/271/111 155/256/111 149/272/111 111/273/111
f 111/273/112 149/272/112 150/274/112 113/275/112
f 113/275/113 150/274/113 151/276/113 115/277/113
f 115/277/114 151/276/114 152/278/114 117/279/114
f 117/279/115 152/278/115 153/280/115 119/281/115
f 119/282/116 153/283/116 154/257/116 121/284/116
f 121/284/117 154/257/117 155/256/117 109/271/117
f 142/270/118 157/269/118 146/255/118 250/285/118
f 149/272/119 157/269/119 158/267/119 150/274/119
f 150/274/120 158/267/120 159/265/120 151/276/120
f 151/276/121 159/265/121 160/261/121 152/278/121
f 152/278/122 160/261/122 161/264/122 153/280/122
f 153/283/123 161/259/123 154/257/123
f 149/272/124 155/256/124 157/269/124
f 155/256/125 146/255/125 157/269/125
f 113/286/126 115/287/126 164/288/126 163/289/126
f 119/290/127 121/291/127 167/292/127 166/293/127
f 115/287/128 117/294/128 165/295/128 164/288/128
f 121/291/129 109/296/129 162/297/129 167/292/129
f 111/298/130 113/286/130 163/289/130 156/299/130
f 109/296/131 111/300/131 156/299/131 162/297/131
f 117/294/132 119/301/132 166/302/132 165/295/132
f 167/292/133 162/297/133 169/303/133 174/304/133
f 165/295/134 166/302/134 173/305/134 172/306/134
f 163/289/135 164/288/135 171/307/135 170/308/135
f 162/297/136 156/299/136 168/309/136 169/303/136
f 156/299/137 163/289/137 170/308/137 168/309/137
f 166/293/138 167/292/138 174/304/138 173/310/138
f 164/288/139 165/295/139 172/306/139 171/307/139
f 169/311/140 168/312/140 175/313/140 176/314/140
f 173/315/141 174/316/141 181/317/141 180/318/141
f 171/319/142 172/320/142 179/321/142 178/322/142
f 168/312/143 170/323/143 177/324/143 175/313/143
f 174/316/144 169/311/144 176/314/144 181/317/144
f 172/320/145 173/325/145 180/326/145 179/321/145
f 170/323/146 171/319/146 178/322/146 177/324/146
f 175/327/147 180/328/147 181/329/147 176/330/147
f 180/328/147 175/327/147 177/331/147 179/332/147
f 179/332/147 177/331/147 178/333/147
f 93/164/148 92/163/148 185/176/148 182/175/148
f 94/161/149 93/162/149 182/173/149 183/171/149
f 95/156/150 94/161/150 183/171/150 184/166/150
f 96/160/151 97/157/151 187/165/151 186/169/151
f 97/157/152 95/156/152 184/166/152 187/165/152
f 310/334/2 313/335/2 14/336/2 211/337/2
f 316/338/153 310/334/153 211/337/153 210/339/153
f 229/245/154 227/234/154 140/340/154 188/246/154
f 245/341/155 279/342/155 282/252/155 230/251/155
f 253/343/156 239/33/156 190/32/156 251/248/156
f 216/39/157 231/35/157 193/45/157 16/36/157
f 242/344/158 240/345/158 191/241/158 189/240/158
f 132/346/159 131/347/159 197/348/159 194/349/159
f 249/350/160 130/351/160 196/352/160 252/353/160
f 228/238/161 132/346/161 194/349/161 232/354/161
f 244/355/162 233/356/162 198/357/162 241/358/162
f 260/359/163 259/360/163 202/361/163 200/362/163
f 262/363/164 258/364/164 201/365/164 204/366/164
f 261/367/165 262/368/165 204/369/165 203/370/165
f 257/371/166 260/372/166 200/373/166 199/374/166
f 258/364/167 257/371/167 199/374/167 201/365/167
f 44/375/168 43/376/168 208/81/168 205/80/168
f 219/377/169 266/378/169 269/379/169 45/380/169
f 218/381/170 41/382/170 207/75/170 235/74/170
f 219/377/171 42/383/171 272/384/171 266/378/171
f 43/376/172 218/381/172 235/74/172 208/81/172
f 42/385/173 219/386/173 234/78/173 209/387/173
f 239/42/174 196/41/174 233/356/174 244/355/174
f 141/239/175 228/238/175 232/354/175 195/388/175
f 24/249/176 190/32/176 231/35/176 216/39/176
f 243/389/177 245/341/177 230/251/177 192/390/177
f 130/351/178 136/235/178 227/234/178 229/245/178
f 312/391/1 315/392/1 15/393/1 13/394/1
f 192/390/179 230/251/179 217/254/179 23/395/179
f 196/352/180 130/351/180 229/245/180 233/244/180
f 132/346/181 228/238/181 226/227/181 133/396/181
f 140/340/182 227/234/182 224/237/182 137/397/182
f 138/229/183 137/398/183 224/231/183 225/230/183
f 133/396/184 226/227/184 225/230/184 134/233/184
f 48/82/185 220/77/185 222/88/185 53/85/185
f 47/399/186 221/79/186 223/84/186 52/400/186
f 209/387/187 234/78/187 221/79/187 47/399/187
f 208/81/188 235/74/188 220/77/188 48/82/188
f 216/39/189 236/38/189 27/401/189 24/249/189
f 44/402/190 268/403/190 273/404/190 43/405/190
f 217/254/191 238/406/191 237/407/191 23/395/191
f 286/408/192 285/409/192 289/410/192 276/411/192
f 311/412/193 312/391/193 13/394/193 212/413/193
f 6/14/194 11/1/194 12/4/194 3/414/194
f 313/335/195 314/415/195 215/416/195 14/336/195
f 315/392/7 316/338/7 210/339/7 15/393/7
f 2/417/196 213/418/196 255/419/196 1/420/196
f 3/421/197 12/422/197 255/419/197 254/423/197
f 232/47/198 194/28/198 242/31/198 279/424/198 245/48/198
f 131/347/199 249/350/199 252/353/199 197/348/199
f 240/425/200 253/343/200 251/248/200 191/426/200
f 191/426/201 251/248/201 246/250/201 25/427/201
f 124/214/202 248/212/202 249/225/202 131/220/202
f 112/193/203 247/192/203 248/212/203 124/214/203
f 290/210/204 110/209/204 247/192/204 297/191/204
f 197/29/205 252/40/205 253/43/205 240/30/205
f 246/250/206 105/190/206 106/189/206 25/427/206
f 27/401/207 105/190/207 246/250/207 24/249/207
f 8/11/153 7/5/153 2/8/153 1/428/153
f 10/6/208 5/20/208 4/429/208 213/7/208
f 254/423/209 255/419/209 213/418/209 4/430/209
f 1/420/210 255/419/210 12/422/210 214/431/210
f 45/432/211 44/433/211 205/71/211 206/70/211
f 21/434/212 256/435/212 106/436/212 19/437/212
f 108/182/213 256/435/213 21/434/213 22/179/213
f 26/438/214 25/439/214 217/440/214 281/441/214
f 26/442/215 25/443/215 106/436/215 256/435/215
f 256/435/216 280/444/216 281/445/216 26/442/216
f 274/446/217 277/447/217 257/371/217 258/364/217
f 277/447/218 276/448/218 260/372/218 257/371/218
f 278/449/219 275/450/219 262/368/219 261/367/219
f 275/451/220 274/446/220 258/364/220 262/363/220
f 276/411/221 289/410/221 259/360/221 260/359/221
f 218/452/222 270/453/222 271/454/222 41/455/222
f 104/185/223 264/456/223 267/457/223 273/404/223
f 108/182/224 269/379/224 280/444/224 256/435/224
f 289/410/225 278/449/225 261/367/225 259/360/225
f 237/407/226 238/406/226 266/378/226 272/384/226
f 264/456/227 265/458/227 270/453/227 267/457/227
f 263/459/228 265/458/228 236/38/228 28/37/228
f 264/456/229 104/185/229 105/190/229 27/401/229
f 45/380/230 269/379/230 268/460/230 44/461/230
f 268/460/231 269/379/231 108/182/231 107/181/231
f 219/386/232 45/432/232 206/70/232 234/78/232
f 273/404/233 268/403/233 107/186/233 104/185/233
f 271/454/234 270/453/234 265/458/234 263/459/234
f 267/457/235 270/453/235 218/452/235 43/405/235
f 273/404/236 267/457/236 43/405/236
f 284/462/237 283/463/237 277/447/237 274/446/237
f 259/360/238 261/367/238 203/370/238 202/361/238
f 92/163/239 96/160/239 186/169/239 185/176/239
f 185/176/240 186/169/240 99/170/240 98/177/240
f 40/68/241 39/63/241 96/160/241 92/163/241
f 85/138/242 84/144/242 90/146/242 91/148/242
f 79/132/243 78/127/243 84/144/243 85/138/243
f 73/131/244 72/124/244 78/127/244 79/132/244
f 305/111/245 308/120/245 72/123/245 73/112/245
f 61/91/245 60/102/245 66/106/245 67/107/245
f 298/90/246 299/99/246 60/102/246 61/91/246
f 34/67/247 33/60/247 39/63/247 40/68/247
f 202/54/248 203/50/248 33/53/248 34/55/248
f 281/445/249 280/444/249 238/406/249 217/254/249
f 27/401/250 236/38/250 265/458/250 264/456/250
f 288/464/251 284/462/251 274/446/251 275/451/251
f 285/409/252 287/465/252 278/449/252 289/410/252
f 280/444/253 269/379/253 266/378/253 238/406/253
f 281/253/254 282/252/254 189/240/254 26/243/254
f 282/252/255 279/342/255 242/344/255 189/240/255
f 287/465/256 288/466/256 275/450/256 278/449/256
f 283/463/257 286/467/257 276/448/257 277/447/257
f 22/468/258 21/469/258 287/465/258 285/409/258
f 20/470/259 22/468/259 285/409/259 286/408/259
f 19/471/260 17/472/260 284/462/260 288/464/260
f 21/469/261 19/473/261 288/466/261 287/465/261
f 18/474/262 20/475/262 286/467/262 283/463/262
f 17/472/263 18/474/263 283/463/263 284/462/263
f 146/255/264 290/476/264 297/477/264 250/285/264
f 148/258/265 296/478/265 290/476/265 146/255/265
f 147/260/266 292/479/266 296/478/266 148/258/266
f 145/262/267 291/480/267 292/481/267 147/263/267
f 144/266/268 293/482/268 291/480/268 145/262/268
f 143/268/269 294/483/269 293/482/269 144/266/269
f 142/270/270 295/484/270 294/483/270 143/268/270
f 250/285/271 297/477/271 295/484/271 142/270/271
f 98/177/246 99/170/246 299/99/246 298/90/246
f 100/168/272 103/167/272 303/97/272 300/100/272
f 99/170/273 100/168/273 300/100/273 299/99/273
f 103/167/274 102/172/274 302/93/274 303/97/274
f 102/172/275 101/174/275 301/94/275 302/93/275
f 101/178/276 98/177/276 298/90/276 301/89/276
f 67/107/245 66/106/245 308/120/245 305/111/245
f 64/105/41 62/104/41 307/118/41 309/121/41
f 66/106/40 64/105/40 309/121/40 308/120/40
f 62/104/39 63/103/39 306/114/39 307/118/39
f 63/103/43 65/109/43 304/115/43 306/114/43
f 65/108/42 67/107/42 305/111/42 304/110/42
f 330/485/7 327/486/7 316/338/7 315/392/7
f 329/487/195 326/488/195 314/415/195 313/335/195
f 328/489/193 325/490/193 312/391/193 311/412/193
f 325/490/1 330/485/1 315/392/1 312/391/1
f 327/486/153 324/491/153 310/334/153 316/338/153
f 324/491/2 329/487/2 313/335/2 310/334/2
f 53/492/2 222/493/2 318/494/2 320/495/2
f 54/496/153 53/492/153 320/495/153 323/497/153
f 223/498/1 55/499/1 319/500/1 321/501/1
f 52/502/193 223/498/193 321/501/193 317/503/193
f 222/493/195 51/504/195 322/505/195 318/494/195
f 55/499/7 54/496/7 323/497/7 319/500/7
f 320/495/2 318/494/2 329/487/2 324/491/2
f 323/497/153 320/495/153 324/491/153 327/486/153
f 321/501/1 319/500/1 330/485/1 325/490/1
f 317/503/193 321/501/193 325/490/193 328/489/193
f 318/494/195 322/505/195 326/488/195 329/487/195
f 319/500/7 323/497/7 327/486/7 330/485/7
f 337/1/277 338/4/277 518/3/277 335/2/277
f 333/5/278 332/8/278 517/7/278 336/6/278
f 515/9/279 334/11/279 333/5/279 516/10/279
f 212/12/280 6/14/280 337/1/280 339/13/280
f 341/15/281 335/2/281 334/17/281 515/16/281
f 340/18/282 336/6/282 5/20/282 215/19/282
f 335/2/283 518/3/283 331/21/283 334/17/283
f 516/10/284 333/5/284 336/6/284 340/18/284
f 339/13/285 337/1/285 335/2/285 341/15/285
f 508/22/286 352/25/286 353/24/286 506/23/286
f 506/23/287 353/24/287 355/27/287 507/26/287
f 503/28/288 543/31/288 542/30/288 505/29/288
f 501/32/289 534/35/289 544/34/289 541/33/289
f 16/36/290 519/39/290 539/38/290 28/37/290
f 552/40/291 553/43/291 541/42/291 504/41/291
f 534/35/292 193/45/292 241/44/292 544/34/292
f 195/46/293 243/49/293 545/48/293 535/47/293
f 510/50/294 356/53/294 354/52/294 511/51/294
f 511/51/295 354/52/295 352/25/295 508/22/295
f 507/26/296 355/27/296 357/55/296 509/54/296
f 353/56/297 359/59/297 361/58/297 355/57/297
f 356/60/298 362/63/298 360/62/298 354/61/298
f 354/61/299 360/62/299 358/65/299 352/64/299
f 355/66/300 361/69/300 363/68/300 357/67/300
f 352/64/301 358/65/301 359/59/301 353/56/301
f 513/70/302 369/73/302 368/72/302 512/71/302
f 538/74/303 523/77/303 46/76/303 207/75/303
f 537/78/304 524/79/304 369/73/304 513/70/304
f 512/80/305 368/72/305 367/82/305 514/81/305
f 524/79/306 526/84/306 372/83/306 369/73/306
f 368/72/307 371/86/307 370/85/307 367/82/307
f 369/73/308 372/83/308 371/86/308 368/72/308
f 523/77/309 525/88/309 51/87/309 46/76/309
f 597/89/310 376/92/310 378/91/310 594/90/310
f 598/93/311 374/96/311 376/95/311 597/94/311
f 599/97/312 373/98/312 374/96/312 598/93/312
f 595/99/313 377/102/313 375/101/313 596/100/313
f 596/100/314 375/101/314 373/98/314 599/97/314
f 373/98/315 379/104/315 380/103/315 374/96/315
f 377/102/316 383/106/316 381/105/316 375/101/316
f 375/101/317 381/105/317 379/104/317 373/98/317
f 376/92/318 382/108/318 384/107/318 378/91/318
f 374/96/319 380/103/319 382/109/319 376/95/319
f 600/110/318 388/113/318 390/112/318 601/111/318
f 602/114/319 386/117/319 388/116/319 600/115/319
f 603/118/315 385/119/315 386/117/315 602/114/315
f 604/120/316 389/123/316 387/122/316 605/121/316
f 605/121/317 387/122/317 385/119/317 603/118/317
f 389/124/320 395/127/320 393/126/320 387/125/320
f 387/125/321 393/126/321 391/129/321 385/128/321
f 388/130/322 394/133/322 396/132/322 390/131/322
f 386/134/323 392/137/323 394/136/323 388/135/323
f 385/128/324 391/129/324 392/137/324 386/134/324
f 394/133/325 400/139/325 402/138/325 396/132/325
f 392/137/326 398/141/326 400/140/326 394/136/326
f 391/129/327 397/142/327 398/141/327 392/137/327
f 395/127/328 401/144/328 399/143/328 393/126/328
f 393/126/329 399/143/329 397/142/329 391/129/329
f 401/144/330 407/146/330 405/145/330 399/143/330
f 399/143/331 405/145/331 403/147/331 397/142/331
f 400/139/332 406/149/332 408/148/332 402/138/332
f 398/141/333 404/151/333 406/150/333 400/140/333
f 397/142/334 403/147/334 404/151/334 398/141/334
f 403/152/335 405/155/335 406/154/335 404/153/335
f 360/62/336 414/157/336 412/156/336 358/65/336
f 405/155/337 407/159/337 408/158/337 406/154/337
f 362/63/338 413/160/338 414/157/338 360/62/338
f 358/65/339 412/156/339 411/161/339 359/59/339
f 359/59/340 411/161/340 410/162/340 361/58/340
f 361/69/341 410/164/341 409/163/341 363/68/341
f 499/165/342 417/168/342 420/167/342 496/166/342
f 498/169/343 416/170/343 417/168/343 499/165/343
f 496/166/344 420/167/344 419/172/344 495/171/344
f 495/171/345 419/172/345 418/174/345 494/173/345
f 494/175/346 418/178/346 415/177/346 497/176/346
f 347/179/347 425/182/347 424/181/347 345/180/347
f 345/183/348 424/186/348 421/185/348 343/184/348
f 342/187/349 422/190/349 423/189/349 344/188/349
f 343/184/350 421/185/350 422/190/350 342/187/350
f 593/191/351 591/194/351 429/193/351 547/192/351
f 591/194/352 590/196/352 431/195/352 429/193/352
f 590/196/353 589/198/353 433/197/353 431/195/353
f 589/198/354 587/200/354 435/199/354 433/197/354
f 587/200/355 588/202/355 437/201/355 435/199/355
f 435/199/356 444/204/356 443/203/356 433/197/356
f 588/205/357 592/208/357 439/207/357 437/206/357
f 592/208/358 586/210/358 427/209/358 439/207/358
f 547/192/359 548/212/359 440/211/359 427/209/359
f 427/209/360 440/211/360 446/213/360 439/207/360
f 431/195/361 442/215/361 441/214/361 429/193/361
f 437/201/362 445/216/362 444/204/362 435/199/362
f 433/197/363 443/203/363 442/215/363 431/195/363
f 439/207/364 446/213/364 445/217/364 437/206/364
f 444/204/365 451/219/365 450/218/365 443/203/365
f 442/215/366 449/221/366 448/220/366 441/214/366
f 440/211/367 447/223/367 453/222/367 446/213/367
f 445/216/368 452/224/368 451/219/368 444/204/368
f 443/203/369 450/218/369 449/221/369 442/215/369
f 548/212/370 549/225/370 447/223/370 440/211/370
f 446/213/371 453/222/371 452/226/371 445/217/371
f 529/227/372 528/230/372 138/229/372 139/228/372
f 528/230/373 451/233/373 452/232/373 527/231/373
f 530/234/374 527/237/374 452/236/374 453/235/374
f 531/238/375 529/227/375 139/228/375 141/239/375
f 500/240/376 350/243/376 349/242/376 502/241/376
f 536/244/377 198/247/377 188/246/377 532/245/377
f 551/248/378 546/250/378 348/249/378 501/32/378
f 533/251/379 520/254/379 577/253/379 578/252/379
f 458/255/380 460/258/380 466/257/380 467/256/380
f 460/258/381 459/260/381 473/259/381
f 472/261/382 473/264/382 459/263/382 457/262/382
f 471/265/383 472/261/383 457/262/383 456/266/383
f 470/267/384 471/265/384 456/266/384 455/268/384
f 469/269/385 470/267/385 455/268/385 454/270/385
f 466/257/386 460/258/386 473/259/386
f 426/271/387 428/273/387 461/272/387 467/256/387
f 428/273/388 430/275/388 462/274/388 461/272/388
f 430/275/389 432/277/389 463/276/389 462/274/389
f 432/277/390 434/279/390 464/278/390 463/276/390
f 434/279/391 436/281/391 465/280/391 464/278/391
f 436/282/392 438/284/392 466/257/392 465/283/392
f 438/284/393 426/271/393 467/256/393 466/257/393
f 454/270/394 550/285/394 458/255/394 469/269/394
f 461/272/395 462/274/395 470/267/395 469/269/395
f 462/274/396 463/276/396 471/265/396 470/267/396
f 463/276/397 464/278/397 472/261/397 471/265/397
f 464/278/398 465/280/398 473/264/398 472/261/398
f 465/283/399 466/257/399 473/259/399
f 461/272/400 469/269/400 467/256/400
f 467/256/401 469/269/401 458/255/401
f 430/286/402 475/289/402 476/288/402 432/287/402
f 436/290/403 478/293/403 479/292/403 438/291/403
f 432/287/404 476/288/404 477/295/404 434/294/404
f 438/291/405 479/292/405 474/297/405 426/296/405
f 428/298/406 468/299/406 475/289/406 430/286/406
f 426/296/407 474/297/407 468/299/407 428/300/407
f 434/294/408 477/295/408 478/302/408 436/301/408
f 479/292/409 486/304/409 481/303/409 474/297/409
f 477/295/410 484/306/410 485/305/410 478/302/410
f 475/289/411 482/308/411 483/307/411 476/288/411
f 474/297/412 481/303/412 480/309/412 468/299/412
f 468/299/413 480/309/413 482/308/413 475/289/413
f 478/293/414 485/310/414 486/304/414 479/292/414
f 476/288/415 483/307/415 484/306/415 477/295/415
f 481/311/416 488/314/416 487/313/416 480/312/416
f 485/315/417 492/318/417 493/317/417 486/316/417
f 483/319/418 490/322/418 491/321/418 484/320/418
f 480/312/419 487/313/419 489/324/419 482/323/419
f 486/316/420 493/317/420 488/314/420 481/311/420
f 484/320/421 491/321/421 492/326/421 485/325/421
f 482/323/422 489/324/422 490/322/422 483/319/422
f 487/327/147 488/330/147 493/329/147 492/328/147
f 492/328/147 491/332/147 489/331/147 487/327/147
f 491/332/147 490/333/147 489/331/147
f 410/164/423 494/175/423 497/176/423 409/163/423
f 411/161/424 495/171/424 494/173/424 410/162/424
f 412/156/425 496/166/425 495/171/425 411/161/425
f 413/160/426 498/169/426 499/165/426 414/157/426
f 414/157/427 499/165/427 496/166/427 412/156/427
f 606/334/278 516/337/278 340/336/278 608/335/278
f 610/338/428 515/339/428 516/337/428 606/334/428
f 532/245/429 188/246/429 140/340/429 530/234/429
f 545/341/430 533/251/430 578/252/430 575/342/430
f 553/343/431 551/248/431 501/32/431 541/33/431
f 519/39/432 16/36/432 193/45/432 534/35/432
f 543/344/433 500/240/433 502/241/433 542/345/433
f 449/346/434 503/349/434 505/348/434 448/347/434
f 549/350/435 552/353/435 504/352/435 447/351/435
f 531/238/436 535/354/436 503/349/436 449/346/436
f 544/355/437 241/358/437 198/357/437 536/356/437
f 559/359/438 507/362/438 509/361/438 558/360/438
f 561/363/439 511/366/439 508/365/439 557/364/439
f 560/367/440 510/370/440 511/369/440 561/368/440
f 556/371/441 506/374/441 507/373/441 559/372/441
f 557/364/442 508/365/442 506/374/442 556/371/442
f 365/375/443 512/80/443 514/81/443 364/376/443
f 522/377/444 366/380/444 567/379/444 564/378/444
f 521/381/445 538/74/445 207/75/445 41/382/445
f 522/377/446 564/378/446 272/384/446 42/383/446
f 364/376/447 514/81/447 538/74/447 521/381/447
f 42/385/448 209/387/448 537/78/448 522/386/448
f 541/42/449 544/355/449 536/356/449 504/41/449
f 141/239/450 195/388/450 535/354/450 531/238/450
f 348/249/451 519/39/451 534/35/451 501/32/451
f 243/389/452 192/390/452 533/251/452 545/341/452
f 447/351/453 532/245/453 530/234/453 453/235/453
f 607/391/277 339/394/277 341/393/277 609/392/277
f 192/390/454 23/395/454 520/254/454 533/251/454
f 504/352/455 536/244/455 532/245/455 447/351/455
f 449/346/456 450/396/456 529/227/456 531/238/456
f 140/340/457 137/397/457 527/237/457 530/234/457
f 138/229/458 528/230/458 527/231/458 137/398/458
f 450/396/459 451/233/459 528/230/459 529/227/459
f 367/82/460 370/85/460 525/88/460 523/77/460
f 47/399/461 52/400/461 526/84/461 524/79/461
f 209/387/462 47/399/462 524/79/462 537/78/462
f 514/81/463 367/82/463 523/77/463 538/74/463
f 519/39/464 348/249/464 351/401/464 539/38/464
f 365/402/465 364/405/465 569/404/465 566/403/465
f 520/254/466 23/395/466 237/407/466 540/406/466
f 582/408/467 572/411/467 585/410/467 581/409/467
f 311/412/468 212/413/468 339/394/468 607/391/468
f 6/14/469 3/414/469 338/4/469 337/1/469
f 608/335/470 340/336/470 215/416/470 314/415/470
f 609/392/283 341/393/283 515/339/283 610/338/283
f 332/417/471 331/420/471 554/419/471 517/418/471
f 3/421/472 254/423/472 554/419/472 338/422/472
f 535/47/473 545/48/473 575/424/473 543/31/473 503/28/473
f 448/347/474 505/348/474 552/353/474 549/350/474
f 542/425/475 502/426/475 551/248/475 553/343/475
f 502/426/476 349/427/476 546/250/476 551/248/476
f 441/214/477 448/220/477 549/225/477 548/212/477
f 429/193/478 441/214/478 548/212/478 547/192/478
f 586/210/479 593/191/479 547/192/479 427/209/479
f 505/29/480 542/30/480 553/43/480 552/40/480
f 546/250/481 349/427/481 423/189/481 422/190/481
f 351/401/482 348/249/482 546/250/482 422/190/482
f 334/11/428 331/428/428 332/8/428 333/5/428
f 336/6/483 517/7/483 4/429/483 5/20/483
f 254/423/484 4/430/484 517/418/484 554/419/484
f 331/420/485 518/431/485 338/422/485 554/419/485
f 366/432/486 513/70/486 512/71/486 365/433/486
f 346/434/487 344/437/487 423/436/487 555/435/487
f 425/182/488 347/179/488 346/434/488 555/435/488
f 350/438/489 577/441/489 520/440/489 349/439/489
f 350/442/490 555/435/490 423/436/490 349/443/490
f 555/435/491 350/442/491 577/445/491 576/444/491
f 570/446/492 557/364/492 556/371/492 573/447/492
f 573/447/493 556/371/493 559/372/493 572/448/493
f 574/449/494 560/367/494 561/368/494 571/450/494
f 571/451/495 561/363/495 557/364/495 570/446/495
f 572/411/496 559/359/496 558/360/496 585/410/496
f 521/452/497 41/455/497 271/454/497 568/453/497
f 421/185/498 569/404/498 565/457/498 562/456/498
f 425/182/499 555/435/499 576/444/499 567/379/499
f 585/410/500 558/360/500 560/367/500 574/449/500
f 237/407/501 272/384/501 564/378/501 540/406/501
f 562/456/502 565/457/502 568/453/502 563/458/502
f 263/459/503 28/37/503 539/38/503 563/458/503
f 562/456/504 351/401/504 422/190/504 421/185/504
f 366/380/505 365/461/505 566/460/505 567/379/505
f 566/460/506 424/181/506 425/182/506 567/379/506
f 522/386/507 537/78/507 513/70/507 366/432/507
f 569/404/508 421/185/508 424/186/508 566/403/508
f 271/454/509 263/459/509 563/458/509 568/453/509
f 565/457/510 364/405/510 521/452/510 568/453/510
f 569/404/511 364/405/511 565/457/511
f 580/462/512 570/446/512 573/447/512 579/463/512
f 558/360/513 509/361/513 510/370/513 560/367/513
f 409/163/514 497/176/514 498/169/514 413/160/514
f 497/176/515 415/177/515 416/170/515 498/169/515
f 363/68/516 409/163/516 413/160/516 362/63/516
f 402/138/517 408/148/517 407/146/517 401/144/517
f 396/132/243 402/138/243 401/144/243 395/127/243
f 390/131/518 396/132/518 395/127/518 389/124/518
f 601/111/519 390/112/519 389/123/519 604/120/519
f 378/91/519 384/107/519 383/106/519 377/102/519
f 594/90/520 378/91/520 377/102/520 595/99/520
f 357/67/521 363/68/521 362/63/521 356/60/521
f 509/54/522 357/55/522 356/53/522 510/50/522
f 577/445/523 520/254/523 540/406/523 576/444/523
f 351/401/524 562/456/524 563/458/524 539/38/524
f 584/464/525 571/451/525 570/446/525 580/462/525
f 581/409/526 585/410/526 574/449/526 583/465/526
f 576/444/527 540/406/527 564/378/527 567/379/527
f 577/253/528 350/243/528 500/240/528 578/252/528
f 578/252/529 500/240/529 543/344/529 575/342/529
f 583/465/530 574/449/530 571/450/530 584/466/530
f 579/463/531 573/447/531 572/448/531 582/467/531
f 347/468/532 581/409/532 583/465/532 346/469/532
f 345/470/533 582/408/533 581/409/533 347/468/533
f 344/471/534 584/464/534 580/462/534 342/472/534
f 346/469/535 583/465/535 584/466/535 344/473/535
f 343/474/536 579/463/536 582/467/536 345/475/536
f 342/472/537 580/462/537 579/463/537 343/474/537
f 458/255/538 550/285/538 593/477/538 586/476/538
f 460/258/539 458/255/539 586/476/539 592/478/539
f 459/260/540 460/258/540 592/478/540 588/479/540
f 457/262/541 459/263/541 588/481/541 587/480/541
f 456/266/542 457/262/542 587/480/542 589/482/542
f 455/268/543 456/266/543 589/482/543 590/483/543
f 454/270/544 455/268/544 590/483/544 591/484/544
f 550/285/545 454/270/545 591/484/545 593/477/545
f 415/177/520 594/90/520 595/99/520 416/170/520
f 417/168/546 596/100/546 599/97/546 420/167/546
f 416/170/547 595/99/547 596/100/547 417/168/547
f 420/167/548 599/97/548 598/93/548 419/172/548
f 419/172/549 598/93/549 597/94/549 418/174/549
f 418/178/550 597/89/550 594/90/550 415/177/550
f 384/107/519 601/111/519 604/120/519 383/106/519
f 381/105/317 605/121/317 603/118/317 379/104/317
f 383/106/316 604/120/316 605/121/316 381/105/316
f 379/104/315 603/118/315 602/114/315 380/103/315
f 380/103/319 602/114/319 600/115/319 382/109/319
f 382/108/318 600/110/318 601/111/318 384/107/318
f 620/485/283 609/392/283 610/338/283 618/486/283
f 619/487/470 608/335/470 314/415/470 326/488/470
f 328/489/468 311/412/468 607/391/468 617/490/468
f 617/490/277 607/391/277 609/392/277 620/485/277
f 618/486/428 610/338/428 606/334/428 616/491/428
f 616/491/278 606/334/278 608/335/278 619/487/278
f 370/492/278 613/495/278 611/494/278 525/493/278
f 371/496/428 615/497/428 613/495/428 370/492/428
f 526/498/277 614/501/277 612/500/277 372/499/277
f 52/502/468 317/503/468 614/501/468 526/498/468
f 525/493/470 611/494/470 322/505/470 51/504/470
f 372/499/283 612/500/283 615/497/283 371/496/283
f 613/495/278 616/491/278 619/487/278 611/494/278
f 615/497/428 618/486/428 616/491/428 613/495/428
f 614/501/277 617/490/277 620/485/277 612/500/277
f 317/503/468 328/489/468 617/490/468 614/501/468
f 611/494/470 619/487/470 326/488/470 322/505/470
f 612/500/283 620/485/283 618/486/283 615/497/283
o moustash
v 0.057724 2.940995 0.303916
v 0.057357 3.068290 0.307099
v 0.061747 2.942007 0.225506
v 0.057357 3.068290 0.210521
v 0.000000 2.947680 0.221908
v 0.000000 3.034374 0.221908
v 0.000000 2.947680 0.299706
v 0.000000 3.034374 0.299706
v 0.056387 3.002702 0.213567
v 0.056387 3.002702 0.329421
v 0.000000 3.001084 0.315234
v 0.000000 3.001084 0.221908
v 0.130018 3.001685 0.208491
v 0.116339 2.955640 0.213527
v 0.116339 2.955640 0.298296
v 0.130988 3.062220 0.208342
v 0.130988 3.062220 0.299914
v 0.130018 3.001685 0.319879
v 0.192579 2.988690 0.228898
v 0.166617 2.968679 0.233410
v 0.167490 2.966366 0.300565
v 0.203737 3.010263 0.228898
v 0.204610 3.007950 0.296054
v 0.193452 2.986377 0.307383
v 0.212509 2.955455 0.241245
v 0.206610 2.942456 0.248296
v 0.205805 2.942719 0.278101
v 0.217303 2.963493 0.250673
v 0.216977 2.964669 0.278705
v 0.211780 2.954341 0.287919
v -0.057724 2.940995 0.303916
v -0.057357 3.068290 0.307099
v -0.061747 2.942007 0.225506
v -0.057357 3.068290 0.210521
v -0.056387 3.002702 0.213567
v -0.056387 3.002702 0.329421
v -0.130018 3.001685 0.208491
v -0.116339 2.955640 0.213527
v -0.116339 2.955640 0.298296
v -0.130988 3.062220 0.208342
v -0.130988 3.062220 0.299914
v -0.130018 3.001685 0.319879
v -0.192579 2.988690 0.228898
v -0.166617 2.968679 0.233410
v -0.167490 2.966366 0.300565
v -0.203737 3.010263 0.228898
v -0.204610 3.007950 0.296054
v -0.193452 2.986377 0.307383
v -0.212509 2.955455 0.241245
v -0.206610 2.942456 0.248296
v -0.205805 2.942719 0.278101
v -0.217303 2.963493 0.250673
v -0.216977 2.964669 0.278705
v -0.211780 2.954341 0.287919
vn -0.1621 -0.0288 -0.9864
vn 0.1221 0.3138 0.9416
vn -0.1023 -0.9947 -0.0091
vn -0.5090 0.8608 -0.0000
vn -0.2781 0.3458 0.8962
vn -0.1645 -0.3329 0.9285
vn 0.1455 -0.4101 0.9004
vn -0.0435 -0.1060 -0.9934
vn 0.2658 0.3088 0.9132
vn 0.3187 -0.3202 -0.8922
vn 0.2423 -0.9702 -0.0000
vn 0.0822 0.9966 -0.0000
vn -0.0504 -0.0245 -0.9984
vn -0.1162 -0.1472 -0.9823
vn 0.9610 0.2766 -0.0022
vn 0.6121 -0.0793 -0.7868
vn 0.0635 -0.4261 0.9024
vn 0.2314 -0.9727 -0.0161
vn 0.2711 -0.0418 -0.9617
vn 0.5867 0.8098 0.0086
vn 0.8783 -0.4779 0.0128
vn 0.9000 -0.4356 0.0132
vn 0.0506 -0.3733 -0.9263
vn 0.7761 0.0081 0.6305
vn 0.0940 -0.5361 0.8389
vn -0.5383 -0.8426 -0.0175
vn 0.1621 -0.0288 -0.9864
vn -0.1221 0.3138 0.9416
vn 0.1023 -0.9947 -0.0091
vn 0.5090 0.8608 -0.0000
vn 0.2781 0.3458 0.8962
vn 0.1645 -0.3329 0.9285
vn -0.1455 -0.4101 0.9004
vn 0.0435 -0.1060 -0.9934
vn -0.2658 0.3088 0.9132
vn -0.3187 -0.3202 -0.8922
vn -0.2423 -0.9702 -0.0000
vn -0.0822 0.9966 -0.0000
vn 0.0504 -0.0245 -0.9984
vn 0.1162 -0.1472 -0.9823
vn -0.9610 0.2766 -0.0022
vn -0.6121 -0.0793 -0.7868
vn -0.0635 -0.4261 0.9024
vn -0.2314 -0.9727 -0.0161
vn -0.2711 -0.0418 -0.9617
vn -0.5867 0.8098 0.0086
vn -0.8783 -0.4779 0.0128
vn -0.9000 -0.4356 0.0132
vn -0.0506 -0.3733 -0.9263
vn -0.7761 0.0081 0.6305
vn -0.0940 -0.5361 0.8389
vn 0.5383 -0.8426 -0.0175
vt 0.500000 0.375000
vt 0.625000 0.375000
vt 0.625000 0.500000
vt 0.500000 0.500000
vt 0.625000 0.750000
vt 0.500000 0.750000
vt 0.250000 0.500000
vt 0.375000 0.500000
vt 0.375000 0.750000
vt 0.250000 0.750000
vt 0.750000 0.500000
vt 0.750000 0.750000
vt 0.625000 0.875000
vt 0.500000 0.875000
vt 0.375000 0.875000
vt 0.375000 0.375000
s 0
usemtl Moustash
f 632/506/551 626/507/551 624/508/551 629/509/551
f 622/510/552 630/511/552 638/511/552 637/510/552
f 625/512/553 623/513/553 621/514/553 627/515/553
f 624/508/554 626/516/554 628/517/554 622/510/554
f 630/511/555 622/510/555 628/518/555 631/519/555
f 621/514/556 630/511/556 631/519/556 627/520/556
f 630/511/557 621/514/557 635/514/557 638/511/557
f 625/521/558 632/506/558 629/509/558 623/513/558
f 637/510/559 638/511/559 644/511/559 643/510/559
f 634/513/560 633/509/560 639/509/560 640/513/560
f 621/514/561 623/513/561 634/513/561 635/514/561
f 624/508/562 622/510/562 637/510/562 636/508/562
f 629/509/563 624/508/563 636/508/563 633/509/563
f 623/513/564 629/509/564 633/509/564 634/513/564
f 642/508/565 643/510/565 649/510/565 648/508/565
f 639/509/566 642/508/566 648/508/566 645/509/566
f 638/511/567 635/514/567 641/514/567 644/511/567
f 635/514/568 634/513/568 640/513/568 641/514/568
f 633/509/569 636/508/569 642/508/569 639/509/569
f 636/508/570 637/510/570 643/510/570 642/508/570
f 645/509/571 648/508/571 649/510/571 650/511/571
f 646/513/572 645/509/572 650/511/572 647/514/572
f 640/513/573 639/509/573 645/509/573 646/513/573
f 643/510/574 644/511/574 650/511/574 649/510/574
f 644/511/575 641/514/575 647/514/575 650/511/575
f 641/514/576 640/513/576 646/513/576 647/514/576
f 632/506/577 655/509/577 654/508/577 626/507/577
f 652/510/578 661/510/578 662/511/578 656/511/578
f 625/512/579 627/515/579 651/514/579 653/513/579
f 654/508/580 652/510/580 628/517/580 626/516/580
f 656/511/581 631/519/581 628/518/581 652/510/581
f 651/514/582 627/520/582 631/519/582 656/511/582
f 656/511/583 662/511/583 659/514/583 651/514/583
f 625/521/584 653/513/584 655/509/584 632/506/584
f 661/510/585 667/510/585 668/511/585 662/511/585
f 658/513/586 664/513/586 663/509/586 657/509/586
f 651/514/587 659/514/587 658/513/587 653/513/587
f 654/508/588 660/508/588 661/510/588 652/510/588
f 655/509/589 657/509/589 660/508/589 654/508/589
f 653/513/590 658/513/590 657/509/590 655/509/590
f 666/508/591 672/508/591 673/510/591 667/510/591
f 663/509/592 669/509/592 672/508/592 666/508/592
f 662/511/593 668/511/593 665/514/593 659/514/593
f 659/514/594 665/514/594 664/513/594 658/513/594
f 657/509/595 663/509/595 666/508/595 660/508/595
f 660/508/596 666/508/596 667/510/596 661/510/596
f 669/509/597 674/511/597 673/510/597 672/508/597
f 670/513/598 671/514/598 674/511/598 669/509/598
f 664/513/599 670/513/599 669/509/599 663/509/599
f 667/510/600 673/510/600 674/511/600 668/511/600
f 668/511/601 674/511/601 671/514/601 665/514/601
f 665/514/602 671/514/602 670/513/602 664/513/602
o janitor_hat
v 0.196733 3.524251 0.232571
v 0.209707 3.571965 0.251559
v 0.196298 3.524251 -0.163597
v 0.209707 3.571965 -0.181949
v 0.323045 3.524251 0.017882
v 0.348687 3.571965 0.017597
v 0.000000 3.387173 -0.241015
v 0.000000 3.571965 -0.226280
v 0.000000 3.387173 0.281873
v 0.000000 3.571965 0.267977
v 0.000000 3.649006 0.016989
v 0.330095 3.569617 0.150442
v 0.309744 3.521767 0.139338
v 0.000000 3.649006 0.218814
v 0.312768 3.524251 -0.068477
v 0.331875 3.571965 -0.082176
v 0.000000 3.649006 -0.180236
v 0.109934 3.571965 -0.204115
v 0.102846 3.524251 0.240296
v 0.161418 3.649006 0.016989
v 0.098395 3.524251 -0.185347
v 0.109934 3.571965 0.259768
v 0.190822 3.524251 0.016989
v 0.148187 3.649006 0.214471
v 0.148187 3.524251 0.145088
v 0.148187 3.649006 -0.168512
v 0.148187 3.524251 -0.100288
v 0.340348 3.387173 -0.088563
v 0.211105 3.387173 -0.194116
v 0.105552 3.387173 0.273188
v 0.211105 3.387173 0.264503
v 0.338466 3.384689 0.157529
v 0.358135 3.387173 0.016989
v 0.105552 3.387173 -0.217565
v 0.000000 3.524251 -0.112013
v 0.000000 3.524251 -0.199875
v 0.000000 3.524251 0.016989
v 0.000000 3.524251 0.149431
v 0.000000 3.524251 0.246042
v 0.326336 3.383468 -0.079928
v 0.205423 3.383468 -0.178677
v 0.106929 3.383468 0.255880
v 0.205490 3.383468 0.247771
v 0.324280 3.380984 0.149004
v 0.340939 3.383468 0.017485
v 0.106251 3.383468 -0.200709
v 0.000000 3.383468 -0.221641
v 0.000000 3.383468 0.263688
v 0.211105 3.437309 -0.194116
v 0.211105 3.441074 0.264503
v 0.358135 3.437309 0.016989
v 0.000000 3.441074 0.281873
v 0.000000 3.437309 -0.241015
v 0.338466 3.438590 0.157529
v 0.340348 3.437309 -0.088563
v 0.105552 3.441074 0.273188
v 0.105552 3.437309 -0.217565
v 0.253809 3.420781 0.410472
v 0.253809 3.387173 0.410472
v 0.148257 3.387173 0.419157
v 0.000000 3.420781 0.427842
v 0.000000 3.387173 0.427842
v 0.345443 3.384689 0.303498
v 0.345443 3.418297 0.303498
v 0.148257 3.420781 0.419157
v -0.196733 3.524251 0.232571
v -0.209707 3.571965 0.251559
v -0.196298 3.524251 -0.163597
v -0.209707 3.571965 -0.181949
v -0.323045 3.524251 0.017882
v -0.348687 3.571965 0.017597
v -0.330095 3.569617 0.150442
v -0.309744 3.521767 0.139338
v -0.312768 3.524251 -0.068477
v -0.331875 3.571965 -0.082176
v -0.109934 3.571965 -0.204115
v -0.102846 3.524251 0.240296
v -0.161418 3.649006 0.016989
v -0.098395 3.524251 -0.185347
v -0.109934 3.571965 0.259768
v -0.190822 3.524251 0.016989
v -0.148187 3.649006 0.214471
v -0.148187 3.524251 0.145088
v -0.148187 3.649006 -0.168512
v -0.148187 3.524251 -0.100288
v -0.340348 3.387173 -0.088563
v -0.211105 3.387173 -0.194116
v -0.105552 3.387173 0.273188
v -0.211105 3.387173 0.264503
v -0.338466 3.384689 0.157529
v -0.358135 3.387173 0.016989
v -0.105552 3.387173 -0.217565
v -0.326336 3.383468 -0.079928
v -0.205423 3.383468 -0.178677
v -0.106929 3.383468 0.255880
v -0.205490 3.383468 0.247771
v -0.324280 3.380984 0.149004
v -0.340939 3.383468 0.017485
v -0.106251 3.383468 -0.200709
v -0.211105 3.437309 -0.194116
v -0.211105 3.441074 0.264503
v -0.358135 3.437309 0.016989
v -0.338466 3.438590 0.157529
v -0.340348 3.437309 -0.088563
v -0.105552 3.441074 0.273188
v -0.105552 3.437309 -0.217565
v -0.253809 3.420781 0.410472
v -0.253809 3.387173 0.410472
v -0.148257 3.387173 0.419157
v -0.345443 3.384689 0.303498
v -0.345443 3.418297 0.303498
v -0.148257 3.420781 0.419157
vn 0.2160 0.0901 -0.9722
vn 0.6419 0.0822 0.7623
vn -0.0094 -0.9999 0.0052
vn -0.0000 -1.0000 -0.0000
vn 0.9837 0.0698 -0.1658
vn -0.0000 1.0000 -0.0000
vn 0.0416 0.5147 0.8564
vn 0.0778 0.1022 0.9917
vn -0.0087 -0.9999 -0.0119
vn 0.9879 0.0696 0.1385
vn 0.1168 0.4422 -0.8893
vn 0.6307 0.0763 -0.7723
vn 0.4242 0.4734 -0.7720
vn 0.3963 0.9171 0.0447
vn 0.0816 0.0989 0.9917
vn 0.3543 0.6199 0.7001
vn 0.3915 0.9193 -0.0412
vn 0.2061 0.0985 -0.9736
vn 0.1466 -0.9728 -0.1795
vn 0.0173 -0.9774 0.2106
vn 0.2268 -0.9739 0.0125
vn 0.0421 -0.9787 -0.2010
vn 0.1325 -0.9743 0.1820
vn 0.2211 -0.9746 -0.0353
vn 0.0159 -0.9786 0.2050
vn 0.0481 -0.9751 -0.2163
vn -0.2154 -0.1178 0.9694
vn -0.0640 -0.1179 -0.9910
vn -0.9843 -0.1156 0.1333
vn -0.6348 -0.1199 -0.7633
vn -0.1692 -0.1335 0.9765
vn -0.9859 -0.1175 -0.1191
vn -0.0815 -0.1120 -0.9904
vn -0.6277 -0.1230 0.7686
vn 0.2169 -0.0000 -0.9762
vn 0.9989 -0.0000 -0.0477
vn 0.6325 -0.0000 -0.7745
vn 0.9903 -0.0000 0.1386
vn 0.1338 0.9844 0.1141
vn 0.9861 -0.0000 -0.1662
vn 0.0820 -0.0000 0.9966
vn 0.0585 -0.0000 0.9983
vn 0.7595 -0.0000 0.6506
vn 0.0093 0.9906 0.1364
vn 0.0111 0.9909 0.1345
vn -0.0194 -0.9998 0.0033
vn -0.2160 0.0901 -0.9722
vn -0.6419 0.0822 0.7623
vn 0.0094 -0.9999 0.0052
vn -0.9837 0.0698 -0.1658
vn -0.0416 0.5147 0.8564
vn -0.0778 0.1022 0.9917
vn 0.0087 -0.9999 -0.0119
vn -0.9879 0.0696 0.1385
vn -0.1168 0.4422 -0.8893
vn -0.6307 0.0763 -0.7723
vn -0.4242 0.4734 -0.7720
vn -0.3963 0.9171 0.0447
vn -0.0816 0.0989 0.9917
vn -0.3543 0.6199 0.7001
vn -0.3915 0.9193 -0.0412
vn -0.2061 0.0985 -0.9736
vn -0.1466 -0.9728 -0.1795
vn -0.0173 -0.9774 0.2106
vn -0.2268 -0.9739 0.0125
vn -0.0421 -0.9787 -0.2010
vn -0.1325 -0.9743 0.1820
vn -0.2211 -0.9746 -0.0353
vn -0.0159 -0.9786 0.2050
vn -0.0481 -0.9751 -0.2163
vn 0.2154 -0.1178 0.9694
vn 0.0640 -0.1179 -0.9910
vn 0.9843 -0.1156 0.1333
vn 0.6348 -0.1199 -0.7633
vn 0.1692 -0.1335 0.9765
vn 0.9859 -0.1175 -0.1191
vn 0.0815 -0.1120 -0.9904
vn 0.6277 -0.1230 0.7686
vn -0.2169 -0.0000 -0.9762
vn -0.9989 -0.0000 -0.0477
vn -0.6325 -0.0000 -0.7745
vn -0.9903 -0.0000 0.1386
vn -0.1338 0.9844 0.1141
vn -0.9861 -0.0000 -0.1662
vn -0.0820 -0.0000 0.9966
vn -0.0585 -0.0000 0.9983
vn -0.7595 -0.0000 0.6506
vn -0.0093 0.9906 0.1364
vn -0.0111 0.9909 0.1345
vn 0.0194 -0.9998 0.0033
vt 0.119339 0.732931
vt 0.010447 0.714985
vt 0.019607 0.632184
vt 0.129029 0.645334
vt 0.138322 0.306764
vt 0.031285 0.312136
vt 0.021156 0.184376
vt 0.127606 0.171603
vt 0.267595 0.430554
vt 0.377644 0.423436
vt 0.310228 0.488280
vt 0.243388 0.510971
vt 0.288912 0.243167
vt 0.392883 0.292818
vt 0.391957 0.348246
vt 0.303012 0.336681
vt 0.138632 0.509661
vt 0.028684 0.503940
vt 0.029985 0.421480
vt 0.140008 0.422425
vt 0.663039 0.395897
vt 0.547986 0.414063
vt 0.547986 0.246088
vt 0.684164 0.255113
vt 0.684525 0.100908
vt 0.569181 0.075199
vt 0.586069 0.000235
vt 0.675606 0.024213
vt 0.117107 0.085919
vt 0.011231 0.103383
vt 0.000235 0.014203
vt 0.106609 0.000235
vt 0.648906 0.466770
vt 0.557784 0.488364
vt 0.275430 0.163468
vt 0.338912 0.210080
vt 0.198510 0.115262
vt 0.167777 0.195628
vt 0.728473 0.436289
vt 0.830819 0.351982
vt 0.140479 0.317214
vt 0.140479 0.443892
vt 0.851525 0.268355
vt 0.845363 0.153870
vt 0.754644 0.055287
vt 0.155187 0.535418
vt 0.109663 0.820530
vt 0.000235 0.805822
vt 0.561560 0.643337
vt 0.582380 0.768867
vt 0.570241 0.775313
vt 0.547986 0.641134
vt 0.889476 0.578186
vt 0.869245 0.656212
vt 0.854548 0.655958
vt 0.876214 0.572397
vt 0.683299 0.501848
vt 0.603799 0.575059
vt 0.592567 0.566137
vt 0.678634 0.488835
vt 0.630417 0.836314
vt 0.683299 0.906988
vt 0.672489 0.918889
vt 0.621368 0.847099
vt 0.912170 0.774606
vt 0.901349 0.783209
vt 0.912170 0.493795
vt 0.897880 0.488835
vt 0.363139 0.065940
vt 0.433867 0.137354
vt 0.297195 0.626357
vt 0.200818 0.664344
vt 0.496107 0.266677
vt 0.503111 0.357603
vt 0.470709 0.472715
vt 0.381295 0.578724
vt 0.278581 0.000235
vt 0.545491 0.515426
vt 0.504626 0.515426
vt 0.504626 0.427294
vt 0.545491 0.427294
vt 0.895929 0.441532
vt 0.851995 0.441532
vt 0.868536 0.322418
vt 0.895929 0.322418
vt 0.545491 0.339163
vt 0.504626 0.339163
vt 0.504626 0.203150
vt 0.545491 0.203150
vt 0.545491 0.115903
vt 0.504626 0.115903
vt 0.503581 0.000235
vt 0.547516 0.000235
vt 0.683770 0.824068
vt 0.729287 0.696352
vt 0.854077 0.688095
vt 0.798703 0.788688
vt 0.163502 0.875538
vt 0.186526 0.792341
vt 0.310208 0.800696
vt 0.287185 0.883894
vt 0.893905 0.207609
vt 0.866511 0.207609
vt 0.866511 0.121284
vt 0.893905 0.121284
vt 0.866511 0.000235
vt 0.893905 0.000235
vt 0.706528 0.613081
vt 0.683770 0.529811
vt 0.796686 0.488835
vt 0.831319 0.604824
vt 0.140479 0.958736
vt 0.252158 0.999765
vt 0.140479 0.664814
vt 0.254121 0.700499
s 0
usemtl Hat
f 731/522/603 692/523/603 678/524/603 723/525/603
f 728/526/604 686/527/604 676/528/604 724/529/604
f 699/530/605 687/531/605 675/532/605 693/533/605
f 701/534/606 689/535/606 679/536/606 697/537/606
f 729/538/607 690/539/607 680/540/607 725/541/607
f 700/542/608 691/543/608 685/544/608 694/545/608
f 698/546/609 688/547/609 684/548/609 696/549/609
f 730/550/610 696/551/610 684/552/610 726/553/610
f 694/545/608 685/544/608 688/547/608 698/546/608
f 697/537/611 679/536/611 687/531/611 699/530/611
f 725/541/612 680/540/612 686/527/612 728/526/612
f 692/554/613 682/555/613 691/543/613 700/542/613
f 723/525/614 678/524/614 690/539/614 729/538/614
f 695/556/606 677/557/606 689/535/606 701/534/606
f 710/558/606 695/556/606 701/534/606 709/559/606
f 678/560/615 692/554/615 700/542/615 690/561/615
f 711/562/606 697/537/606 699/530/606 712/563/606
f 680/564/616 694/545/616 698/546/616 686/565/616
f 724/529/617 676/528/617 696/551/617 730/550/617
f 686/565/618 698/546/618 696/549/618 676/566/618
f 690/561/619 700/542/619 694/545/619 680/564/619
f 709/559/606 701/534/606 697/537/606 711/562/606
f 712/563/606 699/530/606 693/533/606 713/567/606
f 727/568/620 682/569/620 692/523/620 731/522/620
f 714/570/621 715/571/621 703/572/621 702/573/621
f 716/574/622 717/575/622 705/576/622 704/577/622
f 718/578/623 719/579/623 707/580/623 706/581/623
f 720/582/624 721/583/624 681/584/624 708/585/624
f 717/575/625 718/586/625 706/587/625 705/576/625
f 719/579/626 714/570/626 702/573/626 707/580/626
f 722/588/627 716/574/627 704/577/627 683/589/627
f 715/571/628 720/582/628 708/585/628 703/572/628
f 677/557/629 695/556/629 720/590/629 715/591/629
f 713/567/630 693/533/630 716/592/630 722/593/630
f 679/536/631 689/535/631 714/594/631 719/595/631
f 675/532/632 687/531/632 718/596/632 717/597/632
f 695/556/633 710/558/633 721/598/633 720/590/633
f 687/531/634 679/536/634 719/595/634 718/596/634
f 693/533/635 675/532/635 717/597/635 716/592/635
f 689/535/636 677/557/636 715/591/636 714/594/636
f 681/599/637 727/600/637 731/601/637 708/602/637
f 706/603/638 728/604/638 738/605/638 737/606/638
f 703/607/639 723/608/639 729/609/639 702/610/639
f 707/611/640 725/612/640 728/613/640 706/614/640
f 728/615/641 724/616/641 732/617/641 738/618/641
f 702/610/642 729/609/642 725/612/642 707/611/642
f 704/619/606 705/620/606 733/621/606 734/622/606
f 708/602/637 731/601/637 723/608/637 703/607/637
f 733/623/643 732/624/643 739/625/643 734/626/643
f 734/626/644 739/625/644 735/627/644 736/628/644
f 737/606/645 738/605/645 732/624/645 733/623/645
f 730/629/646 726/630/646 735/631/646 739/632/646
f 683/633/606 704/619/606 734/622/606 736/634/606
f 724/616/647 730/629/647 739/632/647 732/617/647
f 705/620/648 706/635/648 737/636/648 733/621/648
f 780/522/649 774/525/649 743/524/649 750/523/649
f 777/526/650 775/529/650 741/528/650 746/527/650
f 757/530/651 751/533/651 740/532/651 747/531/651
f 759/534/606 755/537/606 744/536/606 748/535/606
f 778/538/652 776/541/652 745/540/652 749/539/652
f 758/542/608 752/545/608 685/544/608 691/543/608
f 756/546/653 754/549/653 684/548/653 688/547/653
f 779/550/654 726/553/654 684/552/654 754/551/654
f 752/545/608 756/546/608 688/547/608 685/544/608
f 755/537/655 757/530/655 747/531/655 744/536/655
f 776/541/656 777/526/656 746/527/656 745/540/656
f 750/554/657 758/542/657 691/543/657 682/555/657
f 774/525/658 778/538/658 749/539/658 743/524/658
f 753/556/606 759/534/606 748/535/606 742/557/606
f 710/558/606 709/559/606 759/534/606 753/556/606
f 743/560/659 749/561/659 758/542/659 750/554/659
f 711/562/606 712/563/606 757/530/606 755/537/606
f 745/564/660 746/565/660 756/546/660 752/545/660
f 775/529/661 779/550/661 754/551/661 741/528/661
f 746/565/662 741/566/662 754/549/662 756/546/662
f 749/561/663 745/564/663 752/545/663 758/542/663
f 709/559/606 711/562/606 755/537/606 759/534/606
f 712/563/606 713/567/606 751/533/606 757/530/606
f 727/568/664 780/522/664 750/523/664 682/569/664
f 767/570/665 760/573/665 761/572/665 768/571/665
f 769/574/666 762/577/666 763/576/666 770/575/666
f 771/578/667 764/581/667 765/580/667 772/579/667
f 773/582/668 766/585/668 681/584/668 721/583/668
f 770/575/669 763/576/669 764/587/669 771/586/669
f 772/579/670 765/580/670 760/573/670 767/570/670
f 722/588/671 683/589/671 762/577/671 769/574/671
f 768/571/672 761/572/672 766/585/672 773/582/672
f 742/557/673 768/591/673 773/590/673 753/556/673
f 713/567/674 722/593/674 769/592/674 751/533/674
f 744/536/675 772/595/675 767/594/675 748/535/675
f 740/532/676 770/597/676 771/596/676 747/531/676
f 753/556/677 773/590/677 721/598/677 710/558/677
f 747/531/678 771/596/678 772/595/678 744/536/678
f 751/533/679 769/592/679 770/597/679 740/532/679
f 748/535/680 767/594/680 768/591/680 742/557/680
f 681/599/681 766/602/681 780/601/681 727/600/681
f 764/603/682 784/606/682 785/605/682 777/604/682
f 761/607/683 760/610/683 778/609/683 774/608/683
f 765/611/684 764/614/684 777/613/684 776/612/684
f 777/615/685 785/618/685 781/617/685 775/616/685
f 760/610/686 765/611/686 776/612/686 778/609/686
f 762/619/606 783/622/606 782/621/606 763/620/606
f 766/602/681 761/607/681 774/608/681 780/601/681
f 782/623/687 783/626/687 786/625/687 781/624/687
f 783/626/688 736/628/688 735/627/688 786/625/688
f 784/606/689 782/623/689 781/624/689 785/605/689
f 779/629/690 786/632/690 735/631/690 726/630/690
f 683/633/606 736/634/606 783/622/606 762/619/606
f 775/616/691 781/617/691 786/632/691 779/629/691
f 763/620/692 782/621/692 784/636/692 764/635/692
o badge
v -0.017099 2.242508 0.287804
v -0.020694 2.392274 0.259044
v -0.020031 2.237524 0.262217
v -0.023626 2.387290 0.233458
v 0.269726 2.243061 0.254830
v 0.266131 2.392827 0.226070
v 0.266794 2.238077 0.229244
v 0.263199 2.387843 0.200484
v 0.147468 2.237847 0.242962
v 0.143873 2.387613 0.214202
v 0.150400 2.242831 0.268548
v 0.146805 2.392597 0.239788
v 0.106744 2.237769 0.247643
v 0.106080 2.392518 0.244470
v 0.103148 2.387534 0.218883
v 0.109675 2.242753 0.273230
v 0.086400 2.453952 0.195626
v 0.154805 2.454084 0.187762
v 0.157105 2.460315 0.201433
v 0.088700 2.460183 0.209297
vn -0.9935 -0.0019 0.1142
vn -0.1118 -0.1900 -0.9754
vn 0.9935 0.0019 -0.1142
vn 0.1118 0.1900 0.9754
vn 0.0236 -0.9818 0.1885
vn -0.0236 0.9818 -0.1885
vn 0.9786 -0.1914 -0.0757
vn -0.0486 0.9119 -0.4075
vn 0.0993 0.4789 0.8722
vn -0.9694 -0.1694 0.1776
vn -0.1062 -0.3524 -0.9298
vt 0.999770 0.355989
vt 0.999770 0.711289
vt 0.938672 0.711289
vt 0.938672 0.355989
vt 0.520896 0.279991
vt 0.165596 0.279991
vt 0.165596 0.000230
vt 0.520896 0.000230
vt 0.999770 0.000230
vt 0.999770 0.355530
vt 0.938672 0.355530
vt 0.938672 0.000230
vt 0.876656 0.297452
vt 0.521356 0.297452
vt 0.521356 0.000230
vt 0.876656 0.000230
vt 0.938213 0.392930
vt 0.938213 0.672691
vt 0.877115 0.672691
vt 0.877115 0.392930
vt 0.000230 0.970373
vt 0.000230 0.673151
vt 0.061328 0.673151
vt 0.061328 0.970373
vt 0.122885 0.673151
vt 0.122885 0.952912
vt 0.061787 0.952912
vt 0.061787 0.673151
vt 0.938213 0.297452
vt 0.877115 0.297452
vt 0.876656 0.672691
vt 0.521356 0.672691
vt 0.521356 0.392930
vt 0.876656 0.392930
vt 0.520896 0.375469
vt 0.165596 0.375469
vt 0.520896 0.672691
vt 0.165596 0.672691
vt 0.938213 0.000230
vt 0.877115 0.000230
vt 0.123344 0.673151
vt 0.181666 0.691358
vt 0.158670 0.858336
vt 0.123344 0.856002
vt 0.401721 0.833526
vt 0.401721 0.673151
vt 0.437082 0.674865
vt 0.437082 0.835241
vt 0.271444 0.673151
vt 0.366922 0.673151
vt 0.401262 0.852748
vt 0.240886 0.852748
vt 0.182126 0.691425
vt 0.240427 0.673151
vt 0.240427 0.855329
vt 0.205152 0.858330
vt 0.000230 0.407741
vt 0.000230 0.247365
s 0
usemtl badge
f 787/637/693 788/638/693 790/639/693 789/640/693
f 795/641/694 796/642/694 794/643/694 793/644/694
f 793/645/695 794/646/695 792/647/695 791/648/695
f 802/649/696 800/650/696 788/651/696 787/652/696
f 795/653/697 793/654/697 791/655/697 797/656/697
f 801/657/698 790/658/698 788/659/698 800/660/698
f 794/661/698 796/662/698 798/663/698 792/664/698
f 799/665/697 795/653/697 797/656/697 802/666/697
f 791/667/696 792/668/696 798/669/696 797/670/696
f 799/671/694 801/672/694 796/642/694 795/641/694
f 789/673/694 790/674/694 801/672/694 799/671/694
f 789/675/697 799/665/697 802/666/697 787/676/697
f 798/677/699 796/678/699 804/679/699 805/680/699
f 797/670/696 798/669/696 800/650/696 802/649/696
f 804/681/700 803/682/700 806/683/700 805/684/700
f 800/685/701 798/686/701 805/687/701 806/688/701
f 801/689/702 800/690/702 806/691/702 803/692/702
f 796/642/703 801/672/703 803/693/703 804/694/703
o vest
v 0.000000 2.346182 -0.219731
v 0.182433 2.346182 -0.219731
v 0.000000 2.481521 -0.219731
v 0.184183 2.483816 -0.211477
v 0.261155 2.351734 -0.211932
v 0.261155 2.487074 -0.211932
v 0.000000 2.565745 -0.115472
v 0.152547 2.581902 -0.124511
v 0.241717 2.577965 -0.123314
v 0.162403 2.590220 0.016981
v 0.237130 2.592959 0.029814
v 0.162678 2.573987 0.138369
v 0.229596 2.563917 0.151583
v 0.155298 2.494545 0.170802
v 0.234019 2.500097 0.178600
v 0.193621 2.317127 0.227855
v 0.277976 2.320219 0.211189
v 0.206889 2.219526 0.253749
v 0.296072 2.222733 0.229718
v 0.224727 1.951604 0.290325
v 0.310989 1.951236 0.277055
v 0.224486 1.758597 0.315406
v 0.284222 1.676064 0.314906
v 0.000000 2.151809 -0.232336
v 0.187932 2.151809 -0.232336
v 0.270327 2.186298 -0.213187
v 0.000000 1.904690 -0.242601
v 0.188392 1.909145 -0.236644
v 0.289342 1.923571 -0.218831
v 0.000000 1.708913 -0.238694
v 0.224890 1.708913 -0.238694
v 0.321587 1.736800 -0.203825
v 0.000000 1.612788 -0.260728
v 0.243904 1.611207 -0.235299
v 0.339600 1.622610 -0.200748
v 0.336512 2.222525 -0.108077
v 0.354971 1.963946 -0.093502
v 0.384499 1.724807 -0.084376
v 0.394475 1.622203 -0.078758
v 0.356323 2.196747 0.056229
v 0.392258 1.961937 0.057574
v 0.399945 1.718408 0.067257
v 0.409503 1.624097 0.086076
v 0.341732 2.253138 0.176447
v 0.362309 1.943118 0.235481
v 0.391025 1.714164 0.235615
v 0.391844 1.639723 0.235302
v 0.341159 1.648126 0.294417
v 0.326903 2.478689 -0.151811
v 0.303017 2.567620 -0.101232
v 0.301014 2.579840 0.015599
v 0.296824 2.558278 0.121067
v 0.289363 2.510686 0.165809
v 0.317632 2.322007 0.194522
v 0.325537 2.339587 -0.157786
v -0.182433 2.346182 -0.219731
v -0.184183 2.483816 -0.211477
v -0.261155 2.351734 -0.211932
v -0.261155 2.487074 -0.211932
v -0.152547 2.581902 -0.124511
v -0.241717 2.577965 -0.123314
v -0.162403 2.590220 0.016981
v -0.237130 2.592959 0.029814
v -0.162678 2.573987 0.138369
v -0.229596 2.563917 0.151583
v -0.155298 2.494545 0.170802
v -0.234019 2.500097 0.178600
v -0.193621 2.317127 0.227855
v -0.277976 2.320219 0.211189
v -0.206889 2.219526 0.253749
v -0.296072 2.222733 0.229718
v -0.224727 1.951604 0.290325
v -0.310989 1.951236 0.277055
v -0.224486 1.758597 0.315406
v -0.284222 1.676064 0.314906
v -0.187932 2.151809 -0.232336
v -0.270327 2.186298 -0.213187
v -0.188392 1.909145 -0.236644
v -0.289342 1.923571 -0.218831
v -0.224890 1.708913 -0.238694
v -0.321587 1.736800 -0.203825
v -0.243904 1.611207 -0.235299
v -0.339600 1.622610 -0.200748
v -0.336512 2.222525 -0.108077
v -0.354971 1.963946 -0.093502
v -0.384499 1.724807 -0.084376
v -0.394475 1.622203 -0.078758
v -0.356323 2.196747 0.056229
v -0.392258 1.961937 0.057574
v -0.399945 1.718408 0.067257
v -0.409503 1.624097 0.086076
v -0.341732 2.253138 0.176447
v -0.362309 1.943118 0.235481
v -0.391025 1.714164 0.235615
v -0.391844 1.639723 0.235302
v -0.341159 1.648126 0.294417
v -0.326903 2.478689 -0.151811
v -0.303017 2.567620 -0.101232
v -0.301014 2.579840 0.015599
v -0.296824 2.558278 0.121067
v -0.289363 2.510686 0.165809
v -0.317632 2.322007 0.194522
v -0.325537 2.339587 -0.157786
vn -0.0223 -0.0301 0.9993
vn -0.0454 -0.0299 0.9985
vn -0.0061 -0.6815 0.7318
vn 0.0411 -0.7198 0.6930
vn -0.0141 -0.9968 0.0791
vn -0.0171 -0.9829 -0.1835
vn 0.1203 -0.3826 -0.9160
vn -0.0392 -0.2517 -0.9670
vn -0.2125 -0.2493 -0.9448
vn -0.2027 -0.1625 -0.9657
vn -0.1618 -0.1223 -0.9792
vn -0.1541 -0.0443 0.9871
vn -0.0000 -0.0647 0.9979
vn -0.1907 -0.0267 0.9813
vn -0.0155 -0.0298 0.9994
vn -0.2549 -0.0129 0.9669
vn -0.0144 0.0034 0.9999
vn -0.3339 -0.0296 0.9421
vn -0.0542 -0.1008 0.9934
vn -0.8964 -0.0984 0.4322
vn -0.8760 -0.1003 0.4717
vn -0.8591 -0.0530 0.5090
vn -0.9918 -0.0867 0.0943
vn -0.9831 -0.0692 0.1693
vn -0.9804 -0.1026 0.1684
vn -0.9943 -0.0700 -0.0807
vn -0.9901 -0.0787 -0.1164
vn -0.9843 -0.1168 -0.1323
vn -0.6254 -0.1995 -0.7544
vn -0.5986 -0.0625 -0.7986
vn -0.6680 -0.1732 -0.7237
vn -0.2122 -0.9515 -0.2228
vn -0.5916 -0.1522 -0.7917
vn -0.2666 -0.5168 -0.8136
vn -0.1891 -0.9775 0.0939
vn -0.2648 -0.2085 -0.9415
vn -0.4940 -0.6035 0.6259
vn -0.6609 -0.0130 0.7503
vn -0.7761 0.0524 0.6284
vn 0.0223 -0.0301 0.9993
vn 0.0454 -0.0299 0.9985
vn 0.0061 -0.6815 0.7318
vn -0.0411 -0.7198 0.6930
vn 0.0141 -0.9968 0.0791
vn 0.0171 -0.9829 -0.1835
vn -0.1203 -0.3826 -0.9160
vn 0.0392 -0.2517 -0.9670
vn 0.2125 -0.2493 -0.9448
vn 0.2027 -0.1625 -0.9657
vn 0.1618 -0.1223 -0.9792
vn 0.1541 -0.0443 0.9871
vn 0.1907 -0.0267 0.9813
vn 0.0155 -0.0298 0.9994
vn 0.2549 -0.0129 0.9669
vn 0.0144 0.0034 0.9999
vn 0.3339 -0.0296 0.9421
vn 0.0542 -0.1008 0.9934
vn 0.8964 -0.0984 0.4322
vn 0.8760 -0.1003 0.4717
vn 0.8591 -0.0530 0.5090
vn 0.9918 -0.0867 0.0943
vn 0.9831 -0.0692 0.1693
vn 0.9804 -0.1026 0.1684
vn 0.9943 -0.0700 -0.0807
vn 0.9901 -0.0787 -0.1164
vn 0.9843 -0.1168 -0.1323
vn 0.6254 -0.1995 -0.7544
vn 0.5986 -0.0625 -0.7986
vn 0.6680 -0.1732 -0.7237
vn 0.2122 -0.9515 -0.2228
vn 0.5916 -0.1522 -0.7917
vn 0.2666 -0.5168 -0.8136
vn 0.1891 -0.9775 0.0939
vn 0.2648 -0.2085 -0.9415
vn 0.4940 -0.6035 0.6259
vn 0.6609 -0.0130 0.7503
vn 0.7761 0.0524 0.6284
vt 0.000872 0.658604
vt 0.162405 0.656796
vt 0.163575 0.775739
vt 0.002818 0.779474
vt 0.231560 0.662977
vt 0.226448 0.774009
vt 0.228817 0.881134
vt 0.149085 0.893005
vt 0.011092 0.899689
vt 0.429563 0.128302
vt 0.445905 0.051006
vt 0.577484 0.082090
vt 0.554280 0.144378
vt 0.681208 0.106915
vt 0.660981 0.163116
vt 0.740299 0.105997
vt 0.737662 0.176944
vt 0.905277 0.072771
vt 0.907854 0.150808
vt 0.995726 0.060009
vt 0.999856 0.143653
vt 0.966165 0.218352
vt 0.959540 0.300221
vt 0.717079 0.274057
vt 0.726224 0.197513
vt 0.475195 0.223070
vt 0.553907 0.177232
vt 0.168105 0.484157
vt 0.243472 0.516118
vt 0.000144 0.484274
vt 0.168835 0.267305
vt 0.260245 0.280998
vt 0.000219 0.263220
vt 0.201485 0.087995
vt 0.293509 0.113880
vt 0.000295 0.088284
vt 0.219302 0.000694
vt 0.310102 0.011597
vt 0.000144 0.000144
vt 0.429275 0.019259
vt 0.414898 0.110300
vt 0.384098 0.323224
vt 0.353479 0.553234
vt 0.530176 0.629608
vt 0.437194 0.629608
vt 0.429563 0.480587
vt 0.515664 0.493068
vt 0.746897 0.626386
vt 0.732074 0.488956
vt 0.978988 0.619666
vt 0.942306 0.474449
vt 0.438619 0.345229
vt 0.504897 0.343132
vt 0.707662 0.331904
vt 0.985436 0.363180
vt 0.445178 0.275069
vt 0.577000 0.023632
vt 0.670573 0.043891
vt 0.901933 0.034003
vt 0.960964 0.000144
vt 0.729173 0.055365
vt 0.475570 0.000144
vt 0.301367 0.781857
vt 0.289304 0.877590
vt 0.306576 0.657021
s 0
usemtl Vest
f 807/695/704 808/696/704 810/697/704 809/698/704
f 810/697/705 808/696/705 811/699/705 812/700/705
f 810/697/706 812/700/706 815/701/706 814/702/706
f 809/698/707 810/697/707 814/702/707 813/703/707
f 814/704/708 815/705/708 817/706/708 816/707/708
f 816/707/709 817/706/709 819/708/709 818/709/709
f 818/709/710 819/708/710 821/710/710 820/711/710
f 820/711/711 821/710/711 823/712/711 822/713/711
f 822/713/712 823/712/712 825/714/712 824/715/712
f 824/716/713 825/717/713 827/718/713 826/719/713
f 826/719/714 827/718/714 829/720/714 828/721/714
f 811/699/715 808/696/715 831/722/715 832/723/715
f 808/696/716 807/695/716 830/724/716 831/722/716
f 832/723/717 831/722/717 834/725/717 835/726/717
f 831/722/718 830/724/718 833/727/718 834/725/718
f 835/726/719 834/725/719 837/728/719 838/729/719
f 834/725/720 833/727/720 836/730/720 837/728/720
f 838/729/721 837/728/721 840/731/721 841/732/721
f 837/728/722 836/730/722 839/733/722 840/731/722
f 838/729/723 841/732/723 845/734/723 844/735/723
f 835/726/724 838/729/724 844/735/724 843/736/724
f 832/723/725 835/726/725 843/736/725 842/737/725
f 844/738/726 845/739/726 849/740/726 848/741/726
f 843/742/727 844/738/727 848/741/727 847/743/727
f 842/744/728 843/742/728 847/743/728 846/745/728
f 848/741/729 849/740/729 853/746/729 852/747/729
f 847/743/730 848/741/730 852/747/730 851/748/730
f 846/745/731 847/743/731 851/748/731 850/749/731
f 852/747/732 853/746/732 854/750/732 829/720/732
f 851/748/733 852/747/733 829/720/733 827/718/733
f 850/749/734 851/748/734 827/718/734 825/717/734
f 819/708/735 817/706/735 857/751/735 858/752/735
f 825/714/736 823/712/736 860/753/736 850/754/736
f 821/710/737 819/708/737 858/752/737 859/755/737
f 817/706/738 815/705/738 856/756/738 857/751/738
f 823/712/739 821/710/739 859/755/739 860/753/739
f 815/701/740 812/700/740 855/757/740 856/758/740
f 812/700/741 811/699/741 861/759/741 855/757/741
f 861/759/742 811/699/742 832/723/742 842/737/742
f 807/695/743 809/698/743 863/697/743 862/696/743
f 863/697/744 865/700/744 864/699/744 862/696/744
f 863/697/745 866/702/745 867/701/745 865/700/745
f 809/698/746 813/703/746 866/702/746 863/697/746
f 866/704/747 868/707/747 869/706/747 867/705/747
f 868/707/748 870/709/748 871/708/748 869/706/748
f 870/709/749 872/711/749 873/710/749 871/708/749
f 872/711/750 874/713/750 875/712/750 873/710/750
f 874/713/751 876/715/751 877/714/751 875/712/751
f 876/716/752 878/719/752 879/718/752 877/717/752
f 878/719/753 880/721/753 881/720/753 879/718/753
f 864/699/754 883/723/754 882/722/754 862/696/754
f 862/696/716 882/722/716 830/724/716 807/695/716
f 883/723/755 885/726/755 884/725/755 882/722/755
f 882/722/756 884/725/756 833/727/756 830/724/756
f 885/726/757 887/729/757 886/728/757 884/725/757
f 884/725/758 886/728/758 836/730/758 833/727/758
f 887/729/759 889/732/759 888/731/759 886/728/759
f 886/728/760 888/731/760 839/733/760 836/730/760
f 887/729/761 892/735/761 893/734/761 889/732/761
f 885/726/762 891/736/762 892/735/762 887/729/762
f 883/723/763 890/737/763 891/736/763 885/726/763
f 892/738/764 896/741/764 897/740/764 893/739/764
f 891/742/765 895/743/765 896/741/765 892/738/765
f 890/744/766 894/745/766 895/743/766 891/742/766
f 896/741/767 900/747/767 901/746/767 897/740/767
f 895/743/768 899/748/768 900/747/768 896/741/768
f 894/745/769 898/749/769 899/748/769 895/743/769
f 900/747/770 881/720/770 902/750/770 901/746/770
f 899/748/771 879/718/771 881/720/771 900/747/771
f 898/749/772 877/717/772 879/718/772 899/748/772
f 871/708/773 906/752/773 905/751/773 869/706/773
f 877/714/774 898/754/774 908/753/774 875/712/774
f 873/710/775 907/755/775 906/752/775 871/708/775
f 869/706/776 905/751/776 904/756/776 867/705/776
f 875/712/777 908/753/777 907/755/777 873/710/777
f 867/701/778 904/758/778 903/757/778 865/700/778
f 865/700/779 903/757/779 909/759/779 864/699/779
f 909/759/780 890/737/780 883/723/780 864/699/780
